image_filename,annoation_filename
yolo_data_20220404_153_5.png,yolo_data_20220404_153_5.txt
yolo_data_20220404_166_1.png,yolo_data_20220404_166_1.txt
yolo_data_20220404_184_5.png,yolo_data_20220404_184_5.txt
yolo_data_20220404_80_4.png,yolo_data_20220404_80_4.txt
yolo_data_20220404_114_8.png,yolo_data_20220404_114_8.txt
yolo_data_20220404_221_10.png,yolo_data_20220404_221_10.txt
yolo_data_20220404_93_6.png,yolo_data_20220404_93_6.txt
yolo_data_20220404_103_4.png,yolo_data_20220404_103_4.txt
yolo_data_20220404_118_9.png,yolo_data_20220404_118_9.txt
yolo_data_20220404_201_7.png,yolo_data_20220404_201_7.txt
yolo_data_20220404_115_9.png,yolo_data_20220404_115_9.txt
yolo_data_20220404_214_6.png,yolo_data_20220404_214_6.txt
yolo_data_20220404_91_9.png,yolo_data_20220404_91_9.txt
yolo_data_20220404_19_3.png,yolo_data_20220404_19_3.txt
yolo_data_20220404_66_5.png,yolo_data_20220404_66_5.txt
yolo_data_20220404_113_10.png,yolo_data_20220404_113_10.txt
yolo_data_20220404_45_8.png,yolo_data_20220404_45_8.txt
yolo_data_20220404_33_8.png,yolo_data_20220404_33_8.txt
yolo_data_20220404_117_10.png,yolo_data_20220404_117_10.txt
yolo_data_20220404_62_6.png,yolo_data_20220404_62_6.txt
yolo_data_20220404_155_3.png,yolo_data_20220404_155_3.txt
yolo_data_20220404_175_1.png,yolo_data_20220404_175_1.txt
yolo_data_20220404_248_6.png,yolo_data_20220404_248_6.txt
yolo_data_20220404_84_6.png,yolo_data_20220404_84_6.txt
yolo_data_20220404_112_8.png,yolo_data_20220404_112_8.txt
yolo_data_20220404_225_4.png,yolo_data_20220404_225_4.txt
yolo_data_20220404_8_8.png,yolo_data_20220404_8_8.txt
yolo_data_20220404_103_9.png,yolo_data_20220404_103_9.txt
yolo_data_20220404_63_8.png,yolo_data_20220404_63_8.txt
yolo_data_20220404_58_1.png,yolo_data_20220404_58_1.txt
yolo_data_20220404_221_9.png,yolo_data_20220404_221_9.txt
yolo_data_20220404_133_8.png,yolo_data_20220404_133_8.txt
yolo_data_20220404_115_10.png,yolo_data_20220404_115_10.txt
yolo_data_20220404_197_1.png,yolo_data_20220404_197_1.txt
yolo_data_20220404_211_9.png,yolo_data_20220404_211_9.txt
yolo_data_20220404_218_2.png,yolo_data_20220404_218_2.txt
yolo_data_20220404_210_5.png,yolo_data_20220404_210_5.txt
yolo_data_20220404_63_3.png,yolo_data_20220404_63_3.txt
yolo_data_20220404_7_7.png,yolo_data_20220404_7_7.txt
yolo_data_20220404_183_10.png,yolo_data_20220404_183_10.txt
yolo_data_20220404_248_9.png,yolo_data_20220404_248_9.txt
yolo_data_20220404_113_1.png,yolo_data_20220404_113_1.txt
yolo_data_20220404_196_6.png,yolo_data_20220404_196_6.txt
yolo_data_20220404_69_10.png,yolo_data_20220404_69_10.txt
yolo_data_20220404_243_1.png,yolo_data_20220404_243_1.txt
yolo_data_20220404_149_9.png,yolo_data_20220404_149_9.txt
yolo_data_20220404_131_7.png,yolo_data_20220404_131_7.txt
yolo_data_20220404_226_5.png,yolo_data_20220404_226_5.txt
yolo_data_20220404_24_6.png,yolo_data_20220404_24_6.txt
yolo_data_20220404_48_6.png,yolo_data_20220404_48_6.txt
yolo_data_20220404_192_10.png,yolo_data_20220404_192_10.txt
yolo_data_20220404_151_6.png,yolo_data_20220404_151_6.txt
yolo_data_20220404_137_7.png,yolo_data_20220404_137_7.txt
yolo_data_20220404_23_3.png,yolo_data_20220404_23_3.txt
yolo_data_20220404_222_9.png,yolo_data_20220404_222_9.txt
yolo_data_20220404_242_4.png,yolo_data_20220404_242_4.txt
yolo_data_20220404_47_4.png,yolo_data_20220404_47_4.txt
yolo_data_20220404_20_1.png,yolo_data_20220404_20_1.txt
yolo_data_20220404_68_7.png,yolo_data_20220404_68_7.txt
yolo_data_20220404_214_7.png,yolo_data_20220404_214_7.txt
yolo_data_20220404_26_7.png,yolo_data_20220404_26_7.txt
yolo_data_20220404_165_4.png,yolo_data_20220404_165_4.txt
yolo_data_20220404_16_3.png,yolo_data_20220404_16_3.txt
yolo_data_20220404_193_3.png,yolo_data_20220404_193_3.txt
yolo_data_20220404_248_1.png,yolo_data_20220404_248_1.txt
yolo_data_20220404_232_2.png,yolo_data_20220404_232_2.txt
yolo_data_20220404_236_8.png,yolo_data_20220404_236_8.txt
yolo_data_20220404_56_9.png,yolo_data_20220404_56_9.txt
yolo_data_20220404_74_2.png,yolo_data_20220404_74_2.txt
yolo_data_20220404_221_6.png,yolo_data_20220404_221_6.txt
yolo_data_20220404_30_6.png,yolo_data_20220404_30_6.txt
yolo_data_20220404_196_7.png,yolo_data_20220404_196_7.txt
yolo_data_20220404_168_6.png,yolo_data_20220404_168_6.txt
yolo_data_20220404_136_3.png,yolo_data_20220404_136_3.txt
yolo_data_20220404_190_1.png,yolo_data_20220404_190_1.txt
yolo_data_20220404_105_9.png,yolo_data_20220404_105_9.txt
yolo_data_20220404_51_1.png,yolo_data_20220404_51_1.txt
yolo_data_20220404_135_3.png,yolo_data_20220404_135_3.txt
yolo_data_20220404_201_4.png,yolo_data_20220404_201_4.txt
yolo_data_20220404_37_6.png,yolo_data_20220404_37_6.txt
yolo_data_20220404_177_7.png,yolo_data_20220404_177_7.txt
yolo_data_20220404_60_2.png,yolo_data_20220404_60_2.txt
yolo_data_20220404_227_7.png,yolo_data_20220404_227_7.txt
yolo_data_20220404_56_8.png,yolo_data_20220404_56_8.txt
yolo_data_20220404_64_4.png,yolo_data_20220404_64_4.txt
yolo_data_20220404_147_7.png,yolo_data_20220404_147_7.txt
yolo_data_20220404_169_6.png,yolo_data_20220404_169_6.txt
yolo_data_20220404_210_10.png,yolo_data_20220404_210_10.txt
yolo_data_20220404_88_5.png,yolo_data_20220404_88_5.txt
yolo_data_20220404_95_10.png,yolo_data_20220404_95_10.txt
yolo_data_20220404_203_6.png,yolo_data_20220404_203_6.txt
yolo_data_20220404_40_1.png,yolo_data_20220404_40_1.txt
yolo_data_20220404_197_8.png,yolo_data_20220404_197_8.txt
yolo_data_20220404_50_2.png,yolo_data_20220404_50_2.txt
yolo_data_20220404_175_8.png,yolo_data_20220404_175_8.txt
yolo_data_20220404_92_3.png,yolo_data_20220404_92_3.txt
yolo_data_20220404_147_1.png,yolo_data_20220404_147_1.txt
yolo_data_20220404_86_8.png,yolo_data_20220404_86_8.txt
yolo_data_20220404_234_9.png,yolo_data_20220404_234_9.txt
yolo_data_20220404_187_6.png,yolo_data_20220404_187_6.txt
yolo_data_20220404_103_1.png,yolo_data_20220404_103_1.txt
yolo_data_20220404_14_5.png,yolo_data_20220404_14_5.txt
yolo_data_20220404_213_3.png,yolo_data_20220404_213_3.txt
yolo_data_20220404_203_4.png,yolo_data_20220404_203_4.txt
yolo_data_20220404_5_9.png,yolo_data_20220404_5_9.txt
yolo_data_20220404_87_7.png,yolo_data_20220404_87_7.txt
yolo_data_20220404_174_7.png,yolo_data_20220404_174_7.txt
yolo_data_20220404_18_10.png,yolo_data_20220404_18_10.txt
yolo_data_20220404_176_9.png,yolo_data_20220404_176_9.txt
yolo_data_20220404_157_8.png,yolo_data_20220404_157_8.txt
yolo_data_20220404_113_7.png,yolo_data_20220404_113_7.txt
yolo_data_20220404_134_6.png,yolo_data_20220404_134_6.txt
yolo_data_20220404_250_5.png,yolo_data_20220404_250_5.txt
yolo_data_20220404_128_2.png,yolo_data_20220404_128_2.txt
yolo_data_20220404_50_3.png,yolo_data_20220404_50_3.txt
yolo_data_20220404_73_6.png,yolo_data_20220404_73_6.txt
yolo_data_20220404_181_5.png,yolo_data_20220404_181_5.txt
yolo_data_20220404_51_10.png,yolo_data_20220404_51_10.txt
yolo_data_20220404_17_2.png,yolo_data_20220404_17_2.txt
yolo_data_20220404_4_2.png,yolo_data_20220404_4_2.txt
yolo_data_20220404_98_6.png,yolo_data_20220404_98_6.txt
yolo_data_20220404_1_4.png,yolo_data_20220404_1_4.txt
yolo_data_20220404_41_5.png,yolo_data_20220404_41_5.txt
yolo_data_20220404_66_3.png,yolo_data_20220404_66_3.txt
yolo_data_20220404_3_9.png,yolo_data_20220404_3_9.txt
yolo_data_20220404_230_4.png,yolo_data_20220404_230_4.txt
yolo_data_20220404_92_10.png,yolo_data_20220404_92_10.txt
yolo_data_20220404_214_5.png,yolo_data_20220404_214_5.txt
yolo_data_20220404_152_10.png,yolo_data_20220404_152_10.txt
yolo_data_20220404_45_6.png,yolo_data_20220404_45_6.txt
yolo_data_20220404_44_1.png,yolo_data_20220404_44_1.txt
yolo_data_20220404_169_3.png,yolo_data_20220404_169_3.txt
yolo_data_20220404_139_3.png,yolo_data_20220404_139_3.txt
yolo_data_20220404_78_4.png,yolo_data_20220404_78_4.txt
yolo_data_20220404_104_3.png,yolo_data_20220404_104_3.txt
yolo_data_20220404_30_5.png,yolo_data_20220404_30_5.txt
yolo_data_20220404_73_1.png,yolo_data_20220404_73_1.txt
yolo_data_20220404_249_10.png,yolo_data_20220404_249_10.txt
yolo_data_20220404_7_5.png,yolo_data_20220404_7_5.txt
yolo_data_20220404_35_8.png,yolo_data_20220404_35_8.txt
yolo_data_20220404_45_10.png,yolo_data_20220404_45_10.txt
yolo_data_20220404_127_8.png,yolo_data_20220404_127_8.txt
yolo_data_20220404_215_4.png,yolo_data_20220404_215_4.txt
yolo_data_20220404_39_9.png,yolo_data_20220404_39_9.txt
yolo_data_20220404_238_1.png,yolo_data_20220404_238_1.txt
yolo_data_20220404_86_4.png,yolo_data_20220404_86_4.txt
yolo_data_20220404_225_7.png,yolo_data_20220404_225_7.txt
yolo_data_20220404_83_1.png,yolo_data_20220404_83_1.txt
yolo_data_20220404_79_3.png,yolo_data_20220404_79_3.txt
yolo_data_20220404_205_10.png,yolo_data_20220404_205_10.txt
yolo_data_20220404_243_7.png,yolo_data_20220404_243_7.txt
yolo_data_20220404_107_10.png,yolo_data_20220404_107_10.txt
yolo_data_20220404_135_7.png,yolo_data_20220404_135_7.txt
yolo_data_20220404_50_6.png,yolo_data_20220404_50_6.txt
yolo_data_20220404_23_7.png,yolo_data_20220404_23_7.txt
yolo_data_20220404_166_7.png,yolo_data_20220404_166_7.txt
yolo_data_20220404_197_3.png,yolo_data_20220404_197_3.txt
yolo_data_20220404_195_1.png,yolo_data_20220404_195_1.txt
yolo_data_20220404_218_1.png,yolo_data_20220404_218_1.txt
yolo_data_20220404_132_5.png,yolo_data_20220404_132_5.txt
yolo_data_20220404_64_6.png,yolo_data_20220404_64_6.txt
yolo_data_20220404_220_10.png,yolo_data_20220404_220_10.txt
yolo_data_20220404_250_1.png,yolo_data_20220404_250_1.txt
yolo_data_20220404_101_8.png,yolo_data_20220404_101_8.txt
yolo_data_20220404_181_3.png,yolo_data_20220404_181_3.txt
yolo_data_20220404_186_4.png,yolo_data_20220404_186_4.txt
yolo_data_20220404_34_1.png,yolo_data_20220404_34_1.txt
yolo_data_20220404_81_2.png,yolo_data_20220404_81_2.txt
yolo_data_20220404_123_5.png,yolo_data_20220404_123_5.txt
yolo_data_20220404_169_9.png,yolo_data_20220404_169_9.txt
yolo_data_20220404_71_8.png,yolo_data_20220404_71_8.txt
yolo_data_20220404_51_8.png,yolo_data_20220404_51_8.txt
yolo_data_20220404_35_6.png,yolo_data_20220404_35_6.txt
yolo_data_20220404_233_6.png,yolo_data_20220404_233_6.txt
yolo_data_20220404_199_3.png,yolo_data_20220404_199_3.txt
yolo_data_20220404_145_10.png,yolo_data_20220404_145_10.txt
yolo_data_20220404_143_8.png,yolo_data_20220404_143_8.txt
yolo_data_20220404_96_4.png,yolo_data_20220404_96_4.txt
yolo_data_20220404_247_9.png,yolo_data_20220404_247_9.txt
yolo_data_20220404_215_2.png,yolo_data_20220404_215_2.txt
yolo_data_20220404_243_8.png,yolo_data_20220404_243_8.txt
yolo_data_20220404_59_2.png,yolo_data_20220404_59_2.txt
yolo_data_20220404_187_10.png,yolo_data_20220404_187_10.txt
yolo_data_20220404_9_3.png,yolo_data_20220404_9_3.txt
yolo_data_20220404_155_5.png,yolo_data_20220404_155_5.txt
yolo_data_20220404_146_1.png,yolo_data_20220404_146_1.txt
yolo_data_20220404_49_2.png,yolo_data_20220404_49_2.txt
yolo_data_20220404_134_7.png,yolo_data_20220404_134_7.txt
yolo_data_20220404_168_9.png,yolo_data_20220404_168_9.txt
yolo_data_20220404_45_3.png,yolo_data_20220404_45_3.txt
yolo_data_20220404_27_7.png,yolo_data_20220404_27_7.txt
yolo_data_20220404_245_3.png,yolo_data_20220404_245_3.txt
yolo_data_20220404_166_3.png,yolo_data_20220404_166_3.txt
yolo_data_20220404_76_9.png,yolo_data_20220404_76_9.txt
yolo_data_20220404_127_10.png,yolo_data_20220404_127_10.txt
yolo_data_20220404_234_8.png,yolo_data_20220404_234_8.txt
yolo_data_20220404_244_1.png,yolo_data_20220404_244_1.txt
yolo_data_20220404_135_4.png,yolo_data_20220404_135_4.txt
yolo_data_20220404_178_4.png,yolo_data_20220404_178_4.txt
yolo_data_20220404_117_9.png,yolo_data_20220404_117_9.txt
yolo_data_20220404_230_9.png,yolo_data_20220404_230_9.txt
yolo_data_20220404_47_9.png,yolo_data_20220404_47_9.txt
yolo_data_20220404_67_10.png,yolo_data_20220404_67_10.txt
yolo_data_20220404_223_9.png,yolo_data_20220404_223_9.txt
yolo_data_20220404_76_3.png,yolo_data_20220404_76_3.txt
yolo_data_20220404_107_2.png,yolo_data_20220404_107_2.txt
yolo_data_20220404_164_3.png,yolo_data_20220404_164_3.txt
yolo_data_20220404_186_9.png,yolo_data_20220404_186_9.txt
yolo_data_20220404_50_4.png,yolo_data_20220404_50_4.txt
yolo_data_20220404_163_10.png,yolo_data_20220404_163_10.txt
yolo_data_20220404_206_9.png,yolo_data_20220404_206_9.txt
yolo_data_20220404_150_10.png,yolo_data_20220404_150_10.txt
yolo_data_20220404_18_5.png,yolo_data_20220404_18_5.txt
yolo_data_20220404_204_4.png,yolo_data_20220404_204_4.txt
yolo_data_20220404_166_8.png,yolo_data_20220404_166_8.txt
yolo_data_20220404_155_4.png,yolo_data_20220404_155_4.txt
yolo_data_20220404_45_2.png,yolo_data_20220404_45_2.txt
yolo_data_20220404_144_5.png,yolo_data_20220404_144_5.txt
yolo_data_20220404_218_7.png,yolo_data_20220404_218_7.txt
yolo_data_20220404_90_1.png,yolo_data_20220404_90_1.txt
yolo_data_20220404_43_4.png,yolo_data_20220404_43_4.txt
yolo_data_20220404_159_4.png,yolo_data_20220404_159_4.txt
yolo_data_20220404_188_9.png,yolo_data_20220404_188_9.txt
yolo_data_20220404_218_5.png,yolo_data_20220404_218_5.txt
yolo_data_20220404_128_3.png,yolo_data_20220404_128_3.txt
yolo_data_20220404_13_4.png,yolo_data_20220404_13_4.txt
yolo_data_20220404_101_1.png,yolo_data_20220404_101_1.txt
yolo_data_20220404_139_8.png,yolo_data_20220404_139_8.txt
yolo_data_20220404_144_9.png,yolo_data_20220404_144_9.txt
yolo_data_20220404_22_6.png,yolo_data_20220404_22_6.txt
yolo_data_20220404_46_6.png,yolo_data_20220404_46_6.txt
yolo_data_20220404_13_5.png,yolo_data_20220404_13_5.txt
yolo_data_20220404_250_6.png,yolo_data_20220404_250_6.txt
yolo_data_20220404_60_1.png,yolo_data_20220404_60_1.txt
yolo_data_20220404_48_2.png,yolo_data_20220404_48_2.txt
yolo_data_20220404_109_2.png,yolo_data_20220404_109_2.txt
yolo_data_20220404_150_2.png,yolo_data_20220404_150_2.txt
yolo_data_20220404_219_1.png,yolo_data_20220404_219_1.txt
yolo_data_20220404_81_9.png,yolo_data_20220404_81_9.txt
yolo_data_20220404_160_7.png,yolo_data_20220404_160_7.txt
yolo_data_20220404_213_8.png,yolo_data_20220404_213_8.txt
yolo_data_20220404_20_6.png,yolo_data_20220404_20_6.txt
yolo_data_20220404_179_5.png,yolo_data_20220404_179_5.txt
yolo_data_20220404_5_3.png,yolo_data_20220404_5_3.txt
yolo_data_20220404_12_8.png,yolo_data_20220404_12_8.txt
yolo_data_20220404_44_5.png,yolo_data_20220404_44_5.txt
yolo_data_20220404_250_7.png,yolo_data_20220404_250_7.txt
yolo_data_20220404_85_6.png,yolo_data_20220404_85_6.txt
yolo_data_20220404_150_4.png,yolo_data_20220404_150_4.txt
yolo_data_20220404_192_4.png,yolo_data_20220404_192_4.txt
yolo_data_20220404_97_5.png,yolo_data_20220404_97_5.txt
yolo_data_20220404_92_5.png,yolo_data_20220404_92_5.txt
yolo_data_20220404_57_1.png,yolo_data_20220404_57_1.txt
yolo_data_20220404_178_5.png,yolo_data_20220404_178_5.txt
yolo_data_20220404_138_2.png,yolo_data_20220404_138_2.txt
yolo_data_20220404_231_10.png,yolo_data_20220404_231_10.txt
yolo_data_20220404_155_9.png,yolo_data_20220404_155_9.txt
yolo_data_20220404_160_10.png,yolo_data_20220404_160_10.txt
yolo_data_20220404_209_7.png,yolo_data_20220404_209_7.txt
yolo_data_20220404_171_4.png,yolo_data_20220404_171_4.txt
yolo_data_20220404_44_3.png,yolo_data_20220404_44_3.txt
yolo_data_20220404_91_5.png,yolo_data_20220404_91_5.txt
yolo_data_20220404_209_8.png,yolo_data_20220404_209_8.txt
yolo_data_20220404_41_6.png,yolo_data_20220404_41_6.txt
yolo_data_20220404_184_3.png,yolo_data_20220404_184_3.txt
yolo_data_20220404_178_7.png,yolo_data_20220404_178_7.txt
yolo_data_20220404_77_1.png,yolo_data_20220404_77_1.txt
yolo_data_20220404_103_2.png,yolo_data_20220404_103_2.txt
yolo_data_20220404_49_1.png,yolo_data_20220404_49_1.txt
yolo_data_20220404_118_5.png,yolo_data_20220404_118_5.txt
yolo_data_20220404_79_1.png,yolo_data_20220404_79_1.txt
yolo_data_20220404_144_3.png,yolo_data_20220404_144_3.txt
yolo_data_20220404_173_2.png,yolo_data_20220404_173_2.txt
yolo_data_20220404_127_2.png,yolo_data_20220404_127_2.txt
yolo_data_20220404_200_10.png,yolo_data_20220404_200_10.txt
yolo_data_20220404_154_3.png,yolo_data_20220404_154_3.txt
yolo_data_20220404_221_8.png,yolo_data_20220404_221_8.txt
yolo_data_20220404_56_2.png,yolo_data_20220404_56_2.txt
yolo_data_20220404_147_5.png,yolo_data_20220404_147_5.txt
yolo_data_20220404_178_3.png,yolo_data_20220404_178_3.txt
yolo_data_20220404_11_2.png,yolo_data_20220404_11_2.txt
yolo_data_20220404_46_4.png,yolo_data_20220404_46_4.txt
yolo_data_20220404_112_4.png,yolo_data_20220404_112_4.txt
yolo_data_20220404_169_5.png,yolo_data_20220404_169_5.txt
yolo_data_20220404_203_3.png,yolo_data_20220404_203_3.txt
yolo_data_20220404_158_5.png,yolo_data_20220404_158_5.txt
yolo_data_20220404_40_4.png,yolo_data_20220404_40_4.txt
yolo_data_20220404_119_1.png,yolo_data_20220404_119_1.txt
yolo_data_20220404_100_3.png,yolo_data_20220404_100_3.txt
yolo_data_20220404_185_10.png,yolo_data_20220404_185_10.txt
yolo_data_20220404_145_7.png,yolo_data_20220404_145_7.txt
yolo_data_20220404_109_10.png,yolo_data_20220404_109_10.txt
yolo_data_20220404_16_2.png,yolo_data_20220404_16_2.txt
yolo_data_20220404_20_10.png,yolo_data_20220404_20_10.txt
yolo_data_20220404_47_5.png,yolo_data_20220404_47_5.txt
yolo_data_20220404_215_6.png,yolo_data_20220404_215_6.txt
yolo_data_20220404_167_6.png,yolo_data_20220404_167_6.txt
yolo_data_20220404_144_1.png,yolo_data_20220404_144_1.txt
yolo_data_20220404_33_10.png,yolo_data_20220404_33_10.txt
yolo_data_20220404_25_7.png,yolo_data_20220404_25_7.txt
yolo_data_20220404_19_7.png,yolo_data_20220404_19_7.txt
yolo_data_20220404_170_10.png,yolo_data_20220404_170_10.txt
yolo_data_20220404_27_6.png,yolo_data_20220404_27_6.txt
yolo_data_20220404_167_5.png,yolo_data_20220404_167_5.txt
yolo_data_20220404_13_3.png,yolo_data_20220404_13_3.txt
yolo_data_20220404_104_5.png,yolo_data_20220404_104_5.txt
yolo_data_20220404_51_5.png,yolo_data_20220404_51_5.txt
yolo_data_20220404_210_1.png,yolo_data_20220404_210_1.txt
yolo_data_20220404_4_6.png,yolo_data_20220404_4_6.txt
yolo_data_20220404_133_5.png,yolo_data_20220404_133_5.txt
yolo_data_20220404_120_6.png,yolo_data_20220404_120_6.txt
yolo_data_20220404_227_9.png,yolo_data_20220404_227_9.txt
yolo_data_20220404_65_4.png,yolo_data_20220404_65_4.txt
yolo_data_20220404_172_2.png,yolo_data_20220404_172_2.txt
yolo_data_20220404_149_6.png,yolo_data_20220404_149_6.txt
yolo_data_20220404_200_6.png,yolo_data_20220404_200_6.txt
yolo_data_20220404_241_5.png,yolo_data_20220404_241_5.txt
yolo_data_20220404_54_5.png,yolo_data_20220404_54_5.txt
yolo_data_20220404_178_1.png,yolo_data_20220404_178_1.txt
yolo_data_20220404_61_8.png,yolo_data_20220404_61_8.txt
yolo_data_20220404_175_9.png,yolo_data_20220404_175_9.txt
yolo_data_20220404_178_10.png,yolo_data_20220404_178_10.txt
yolo_data_20220404_236_10.png,yolo_data_20220404_236_10.txt
yolo_data_20220404_1_10.png,yolo_data_20220404_1_10.txt
yolo_data_20220404_81_6.png,yolo_data_20220404_81_6.txt
yolo_data_20220404_39_3.png,yolo_data_20220404_39_3.txt
yolo_data_20220404_204_8.png,yolo_data_20220404_204_8.txt
yolo_data_20220404_45_9.png,yolo_data_20220404_45_9.txt
yolo_data_20220404_198_5.png,yolo_data_20220404_198_5.txt
yolo_data_20220404_97_10.png,yolo_data_20220404_97_10.txt
yolo_data_20220404_63_10.png,yolo_data_20220404_63_10.txt
yolo_data_20220404_220_3.png,yolo_data_20220404_220_3.txt
yolo_data_20220404_25_2.png,yolo_data_20220404_25_2.txt
yolo_data_20220404_77_9.png,yolo_data_20220404_77_9.txt
yolo_data_20220404_211_3.png,yolo_data_20220404_211_3.txt
yolo_data_20220404_97_9.png,yolo_data_20220404_97_9.txt
yolo_data_20220404_89_8.png,yolo_data_20220404_89_8.txt
yolo_data_20220404_102_2.png,yolo_data_20220404_102_2.txt
yolo_data_20220404_233_7.png,yolo_data_20220404_233_7.txt
yolo_data_20220404_67_5.png,yolo_data_20220404_67_5.txt
yolo_data_20220404_154_6.png,yolo_data_20220404_154_6.txt
yolo_data_20220404_194_4.png,yolo_data_20220404_194_4.txt
yolo_data_20220404_131_2.png,yolo_data_20220404_131_2.txt
yolo_data_20220404_65_9.png,yolo_data_20220404_65_9.txt
yolo_data_20220404_12_7.png,yolo_data_20220404_12_7.txt
yolo_data_20220404_135_8.png,yolo_data_20220404_135_8.txt
yolo_data_20220404_169_2.png,yolo_data_20220404_169_2.txt
yolo_data_20220404_55_6.png,yolo_data_20220404_55_6.txt
yolo_data_20220404_202_1.png,yolo_data_20220404_202_1.txt
yolo_data_20220404_99_7.png,yolo_data_20220404_99_7.txt
yolo_data_20220404_161_9.png,yolo_data_20220404_161_9.txt
yolo_data_20220404_190_9.png,yolo_data_20220404_190_9.txt
yolo_data_20220404_121_9.png,yolo_data_20220404_121_9.txt
yolo_data_20220404_35_2.png,yolo_data_20220404_35_2.txt
yolo_data_20220404_157_1.png,yolo_data_20220404_157_1.txt
yolo_data_20220404_54_9.png,yolo_data_20220404_54_9.txt
yolo_data_20220404_125_2.png,yolo_data_20220404_125_2.txt
yolo_data_20220404_98_2.png,yolo_data_20220404_98_2.txt
yolo_data_20220404_44_7.png,yolo_data_20220404_44_7.txt
yolo_data_20220404_77_7.png,yolo_data_20220404_77_7.txt
yolo_data_20220404_140_5.png,yolo_data_20220404_140_5.txt
yolo_data_20220404_127_5.png,yolo_data_20220404_127_5.txt
yolo_data_20220404_190_5.png,yolo_data_20220404_190_5.txt
yolo_data_20220404_171_9.png,yolo_data_20220404_171_9.txt
yolo_data_20220404_10_1.png,yolo_data_20220404_10_1.txt
yolo_data_20220404_57_5.png,yolo_data_20220404_57_5.txt
yolo_data_20220404_207_4.png,yolo_data_20220404_207_4.txt
yolo_data_20220404_150_9.png,yolo_data_20220404_150_9.txt
yolo_data_20220404_140_2.png,yolo_data_20220404_140_2.txt
yolo_data_20220404_114_6.png,yolo_data_20220404_114_6.txt
yolo_data_20220404_2_2.png,yolo_data_20220404_2_2.txt
yolo_data_20220404_15_10.png,yolo_data_20220404_15_10.txt
yolo_data_20220404_155_1.png,yolo_data_20220404_155_1.txt
yolo_data_20220404_137_1.png,yolo_data_20220404_137_1.txt
yolo_data_20220404_171_10.png,yolo_data_20220404_171_10.txt
yolo_data_20220404_95_3.png,yolo_data_20220404_95_3.txt
yolo_data_20220404_6_1.png,yolo_data_20220404_6_1.txt
yolo_data_20220404_132_4.png,yolo_data_20220404_132_4.txt
yolo_data_20220404_61_6.png,yolo_data_20220404_61_6.txt
yolo_data_20220404_11_3.png,yolo_data_20220404_11_3.txt
yolo_data_20220404_104_10.png,yolo_data_20220404_104_10.txt
yolo_data_20220404_246_1.png,yolo_data_20220404_246_1.txt
yolo_data_20220404_148_8.png,yolo_data_20220404_148_8.txt
yolo_data_20220404_209_3.png,yolo_data_20220404_209_3.txt
yolo_data_20220404_18_9.png,yolo_data_20220404_18_9.txt
yolo_data_20220404_104_8.png,yolo_data_20220404_104_8.txt
yolo_data_20220404_155_8.png,yolo_data_20220404_155_8.txt
yolo_data_20220404_108_1.png,yolo_data_20220404_108_1.txt
yolo_data_20220404_34_5.png,yolo_data_20220404_34_5.txt
yolo_data_20220404_212_4.png,yolo_data_20220404_212_4.txt
yolo_data_20220404_151_4.png,yolo_data_20220404_151_4.txt
yolo_data_20220404_149_7.png,yolo_data_20220404_149_7.txt
yolo_data_20220404_211_1.png,yolo_data_20220404_211_1.txt
yolo_data_20220404_163_1.png,yolo_data_20220404_163_1.txt
yolo_data_20220404_53_1.png,yolo_data_20220404_53_1.txt
yolo_data_20220404_111_4.png,yolo_data_20220404_111_4.txt
yolo_data_20220404_155_6.png,yolo_data_20220404_155_6.txt
yolo_data_20220404_198_6.png,yolo_data_20220404_198_6.txt
yolo_data_20220404_111_6.png,yolo_data_20220404_111_6.txt
yolo_data_20220404_198_9.png,yolo_data_20220404_198_9.txt
yolo_data_20220404_86_7.png,yolo_data_20220404_86_7.txt
yolo_data_20220404_13_8.png,yolo_data_20220404_13_8.txt
yolo_data_20220404_68_10.png,yolo_data_20220404_68_10.txt
yolo_data_20220404_194_3.png,yolo_data_20220404_194_3.txt
yolo_data_20220404_56_1.png,yolo_data_20220404_56_1.txt
yolo_data_20220404_250_2.png,yolo_data_20220404_250_2.txt
yolo_data_20220404_167_1.png,yolo_data_20220404_167_1.txt
yolo_data_20220404_237_7.png,yolo_data_20220404_237_7.txt
yolo_data_20220404_97_7.png,yolo_data_20220404_97_7.txt
yolo_data_20220404_235_4.png,yolo_data_20220404_235_4.txt
yolo_data_20220404_29_10.png,yolo_data_20220404_29_10.txt
yolo_data_20220404_195_10.png,yolo_data_20220404_195_10.txt
yolo_data_20220404_129_2.png,yolo_data_20220404_129_2.txt
yolo_data_20220404_185_1.png,yolo_data_20220404_185_1.txt
yolo_data_20220404_134_3.png,yolo_data_20220404_134_3.txt
yolo_data_20220404_92_1.png,yolo_data_20220404_92_1.txt
yolo_data_20220404_165_9.png,yolo_data_20220404_165_9.txt
yolo_data_20220404_200_5.png,yolo_data_20220404_200_5.txt
yolo_data_20220404_131_9.png,yolo_data_20220404_131_9.txt
yolo_data_20220404_231_4.png,yolo_data_20220404_231_4.txt
yolo_data_20220404_190_4.png,yolo_data_20220404_190_4.txt
yolo_data_20220404_129_5.png,yolo_data_20220404_129_5.txt
yolo_data_20220404_78_6.png,yolo_data_20220404_78_6.txt
yolo_data_20220404_112_1.png,yolo_data_20220404_112_1.txt
yolo_data_20220404_176_8.png,yolo_data_20220404_176_8.txt
yolo_data_20220404_75_7.png,yolo_data_20220404_75_7.txt
yolo_data_20220404_61_2.png,yolo_data_20220404_61_2.txt
yolo_data_20220404_138_3.png,yolo_data_20220404_138_3.txt
yolo_data_20220404_229_4.png,yolo_data_20220404_229_4.txt
yolo_data_20220404_67_7.png,yolo_data_20220404_67_7.txt
yolo_data_20220404_240_10.png,yolo_data_20220404_240_10.txt
yolo_data_20220404_228_4.png,yolo_data_20220404_228_4.txt
yolo_data_20220404_105_10.png,yolo_data_20220404_105_10.txt
yolo_data_20220404_111_2.png,yolo_data_20220404_111_2.txt
yolo_data_20220404_58_4.png,yolo_data_20220404_58_4.txt
yolo_data_20220404_13_7.png,yolo_data_20220404_13_7.txt
yolo_data_20220404_82_3.png,yolo_data_20220404_82_3.txt
yolo_data_20220404_122_5.png,yolo_data_20220404_122_5.txt
yolo_data_20220404_23_10.png,yolo_data_20220404_23_10.txt
yolo_data_20220404_208_3.png,yolo_data_20220404_208_3.txt
yolo_data_20220404_225_6.png,yolo_data_20220404_225_6.txt
yolo_data_20220404_222_10.png,yolo_data_20220404_222_10.txt
yolo_data_20220404_68_1.png,yolo_data_20220404_68_1.txt
yolo_data_20220404_141_2.png,yolo_data_20220404_141_2.txt
yolo_data_20220404_112_6.png,yolo_data_20220404_112_6.txt
yolo_data_20220404_140_3.png,yolo_data_20220404_140_3.txt
yolo_data_20220404_175_3.png,yolo_data_20220404_175_3.txt
yolo_data_20220404_20_9.png,yolo_data_20220404_20_9.txt
yolo_data_20220404_99_10.png,yolo_data_20220404_99_10.txt
yolo_data_20220404_181_7.png,yolo_data_20220404_181_7.txt
yolo_data_20220404_202_3.png,yolo_data_20220404_202_3.txt
yolo_data_20220404_232_7.png,yolo_data_20220404_232_7.txt
yolo_data_20220404_62_1.png,yolo_data_20220404_62_1.txt
yolo_data_20220404_214_3.png,yolo_data_20220404_214_3.txt
yolo_data_20220404_211_4.png,yolo_data_20220404_211_4.txt
yolo_data_20220404_220_8.png,yolo_data_20220404_220_8.txt
yolo_data_20220404_25_10.png,yolo_data_20220404_25_10.txt
yolo_data_20220404_49_3.png,yolo_data_20220404_49_3.txt
yolo_data_20220404_182_7.png,yolo_data_20220404_182_7.txt
yolo_data_20220404_83_3.png,yolo_data_20220404_83_3.txt
yolo_data_20220404_113_3.png,yolo_data_20220404_113_3.txt
yolo_data_20220404_218_10.png,yolo_data_20220404_218_10.txt
yolo_data_20220404_21_1.png,yolo_data_20220404_21_1.txt
yolo_data_20220404_75_10.png,yolo_data_20220404_75_10.txt
yolo_data_20220404_237_1.png,yolo_data_20220404_237_1.txt
yolo_data_20220404_96_10.png,yolo_data_20220404_96_10.txt
yolo_data_20220404_203_9.png,yolo_data_20220404_203_9.txt
yolo_data_20220404_164_2.png,yolo_data_20220404_164_2.txt
yolo_data_20220404_249_2.png,yolo_data_20220404_249_2.txt
yolo_data_20220404_237_3.png,yolo_data_20220404_237_3.txt
yolo_data_20220404_236_2.png,yolo_data_20220404_236_2.txt
yolo_data_20220404_242_9.png,yolo_data_20220404_242_9.txt
yolo_data_20220404_26_4.png,yolo_data_20220404_26_4.txt
yolo_data_20220404_114_9.png,yolo_data_20220404_114_9.txt
yolo_data_20220404_138_1.png,yolo_data_20220404_138_1.txt
yolo_data_20220404_204_1.png,yolo_data_20220404_204_1.txt
yolo_data_20220404_71_10.png,yolo_data_20220404_71_10.txt
yolo_data_20220404_123_8.png,yolo_data_20220404_123_8.txt
yolo_data_20220404_169_8.png,yolo_data_20220404_169_8.txt
yolo_data_20220404_103_3.png,yolo_data_20220404_103_3.txt
yolo_data_20220404_91_2.png,yolo_data_20220404_91_2.txt
yolo_data_20220404_48_5.png,yolo_data_20220404_48_5.txt
yolo_data_20220404_114_1.png,yolo_data_20220404_114_1.txt
yolo_data_20220404_245_10.png,yolo_data_20220404_245_10.txt
yolo_data_20220404_196_9.png,yolo_data_20220404_196_9.txt
yolo_data_20220404_51_9.png,yolo_data_20220404_51_9.txt
yolo_data_20220404_219_10.png,yolo_data_20220404_219_10.txt
yolo_data_20220404_74_3.png,yolo_data_20220404_74_3.txt
yolo_data_20220404_165_3.png,yolo_data_20220404_165_3.txt
yolo_data_20220404_238_4.png,yolo_data_20220404_238_4.txt
yolo_data_20220404_117_8.png,yolo_data_20220404_117_8.txt
yolo_data_20220404_57_8.png,yolo_data_20220404_57_8.txt
yolo_data_20220404_210_2.png,yolo_data_20220404_210_2.txt
yolo_data_20220404_71_1.png,yolo_data_20220404_71_1.txt
yolo_data_20220404_216_10.png,yolo_data_20220404_216_10.txt
yolo_data_20220404_83_5.png,yolo_data_20220404_83_5.txt
yolo_data_20220404_54_8.png,yolo_data_20220404_54_8.txt
yolo_data_20220404_37_4.png,yolo_data_20220404_37_4.txt
yolo_data_20220404_45_1.png,yolo_data_20220404_45_1.txt
yolo_data_20220404_203_2.png,yolo_data_20220404_203_2.txt
yolo_data_20220404_248_8.png,yolo_data_20220404_248_8.txt
yolo_data_20220404_93_1.png,yolo_data_20220404_93_1.txt
yolo_data_20220404_27_8.png,yolo_data_20220404_27_8.txt
yolo_data_20220404_136_1.png,yolo_data_20220404_136_1.txt
yolo_data_20220404_87_8.png,yolo_data_20220404_87_8.txt
yolo_data_20220404_130_10.png,yolo_data_20220404_130_10.txt
yolo_data_20220404_94_4.png,yolo_data_20220404_94_4.txt
yolo_data_20220404_212_3.png,yolo_data_20220404_212_3.txt
yolo_data_20220404_74_6.png,yolo_data_20220404_74_6.txt
yolo_data_20220404_35_7.png,yolo_data_20220404_35_7.txt
yolo_data_20220404_238_3.png,yolo_data_20220404_238_3.txt
yolo_data_20220404_77_3.png,yolo_data_20220404_77_3.txt
yolo_data_20220404_239_5.png,yolo_data_20220404_239_5.txt
yolo_data_20220404_88_2.png,yolo_data_20220404_88_2.txt
yolo_data_20220404_205_5.png,yolo_data_20220404_205_5.txt
yolo_data_20220404_207_6.png,yolo_data_20220404_207_6.txt
yolo_data_20220404_54_4.png,yolo_data_20220404_54_4.txt
yolo_data_20220404_165_1.png,yolo_data_20220404_165_1.txt
yolo_data_20220404_23_9.png,yolo_data_20220404_23_9.txt
yolo_data_20220404_175_6.png,yolo_data_20220404_175_6.txt
yolo_data_20220404_89_1.png,yolo_data_20220404_89_1.txt
yolo_data_20220404_185_4.png,yolo_data_20220404_185_4.txt
yolo_data_20220404_87_9.png,yolo_data_20220404_87_9.txt
yolo_data_20220404_4_5.png,yolo_data_20220404_4_5.txt
yolo_data_20220404_62_2.png,yolo_data_20220404_62_2.txt
yolo_data_20220404_205_9.png,yolo_data_20220404_205_9.txt
yolo_data_20220404_246_10.png,yolo_data_20220404_246_10.txt
yolo_data_20220404_86_2.png,yolo_data_20220404_86_2.txt
yolo_data_20220404_154_10.png,yolo_data_20220404_154_10.txt
yolo_data_20220404_215_7.png,yolo_data_20220404_215_7.txt
yolo_data_20220404_137_8.png,yolo_data_20220404_137_8.txt
yolo_data_20220404_199_7.png,yolo_data_20220404_199_7.txt
yolo_data_20220404_24_8.png,yolo_data_20220404_24_8.txt
yolo_data_20220404_234_4.png,yolo_data_20220404_234_4.txt
yolo_data_20220404_191_2.png,yolo_data_20220404_191_2.txt
yolo_data_20220404_248_2.png,yolo_data_20220404_248_2.txt
yolo_data_20220404_15_8.png,yolo_data_20220404_15_8.txt
yolo_data_20220404_94_6.png,yolo_data_20220404_94_6.txt
yolo_data_20220404_6_5.png,yolo_data_20220404_6_5.txt
yolo_data_20220404_192_6.png,yolo_data_20220404_192_6.txt
yolo_data_20220404_245_5.png,yolo_data_20220404_245_5.txt
yolo_data_20220404_6_4.png,yolo_data_20220404_6_4.txt
yolo_data_20220404_124_5.png,yolo_data_20220404_124_5.txt
yolo_data_20220404_54_10.png,yolo_data_20220404_54_10.txt
yolo_data_20220404_161_8.png,yolo_data_20220404_161_8.txt
yolo_data_20220404_195_4.png,yolo_data_20220404_195_4.txt
yolo_data_20220404_118_7.png,yolo_data_20220404_118_7.txt
yolo_data_20220404_242_2.png,yolo_data_20220404_242_2.txt
yolo_data_20220404_92_7.png,yolo_data_20220404_92_7.txt
yolo_data_20220404_203_7.png,yolo_data_20220404_203_7.txt
yolo_data_20220404_167_9.png,yolo_data_20220404_167_9.txt
yolo_data_20220404_246_3.png,yolo_data_20220404_246_3.txt
yolo_data_20220404_53_2.png,yolo_data_20220404_53_2.txt
yolo_data_20220404_75_5.png,yolo_data_20220404_75_5.txt
yolo_data_20220404_211_8.png,yolo_data_20220404_211_8.txt
yolo_data_20220404_47_7.png,yolo_data_20220404_47_7.txt
yolo_data_20220404_226_3.png,yolo_data_20220404_226_3.txt
yolo_data_20220404_12_9.png,yolo_data_20220404_12_9.txt
yolo_data_20220404_123_2.png,yolo_data_20220404_123_2.txt
yolo_data_20220404_126_2.png,yolo_data_20220404_126_2.txt
yolo_data_20220404_187_8.png,yolo_data_20220404_187_8.txt
yolo_data_20220404_154_7.png,yolo_data_20220404_154_7.txt
yolo_data_20220404_239_7.png,yolo_data_20220404_239_7.txt
yolo_data_20220404_190_7.png,yolo_data_20220404_190_7.txt
yolo_data_20220404_117_2.png,yolo_data_20220404_117_2.txt
yolo_data_20220404_98_10.png,yolo_data_20220404_98_10.txt
yolo_data_20220404_161_5.png,yolo_data_20220404_161_5.txt
yolo_data_20220404_21_7.png,yolo_data_20220404_21_7.txt
yolo_data_20220404_1_2.png,yolo_data_20220404_1_2.txt
yolo_data_20220404_227_1.png,yolo_data_20220404_227_1.txt
yolo_data_20220404_76_1.png,yolo_data_20220404_76_1.txt
yolo_data_20220404_138_7.png,yolo_data_20220404_138_7.txt
yolo_data_20220404_8_10.png,yolo_data_20220404_8_10.txt
yolo_data_20220404_134_5.png,yolo_data_20220404_134_5.txt
yolo_data_20220404_51_4.png,yolo_data_20220404_51_4.txt
yolo_data_20220404_131_10.png,yolo_data_20220404_131_10.txt
yolo_data_20220404_90_4.png,yolo_data_20220404_90_4.txt
yolo_data_20220404_182_6.png,yolo_data_20220404_182_6.txt
yolo_data_20220404_179_6.png,yolo_data_20220404_179_6.txt
yolo_data_20220404_96_2.png,yolo_data_20220404_96_2.txt
yolo_data_20220404_13_9.png,yolo_data_20220404_13_9.txt
yolo_data_20220404_226_6.png,yolo_data_20220404_226_6.txt
yolo_data_20220404_48_4.png,yolo_data_20220404_48_4.txt
yolo_data_20220404_118_3.png,yolo_data_20220404_118_3.txt
yolo_data_20220404_101_9.png,yolo_data_20220404_101_9.txt
yolo_data_20220404_8_6.png,yolo_data_20220404_8_6.txt
yolo_data_20220404_60_10.png,yolo_data_20220404_60_10.txt
yolo_data_20220404_243_4.png,yolo_data_20220404_243_4.txt
yolo_data_20220404_145_5.png,yolo_data_20220404_145_5.txt
yolo_data_20220404_31_8.png,yolo_data_20220404_31_8.txt
yolo_data_20220404_98_9.png,yolo_data_20220404_98_9.txt
yolo_data_20220404_202_7.png,yolo_data_20220404_202_7.txt
yolo_data_20220404_153_6.png,yolo_data_20220404_153_6.txt
yolo_data_20220404_233_4.png,yolo_data_20220404_233_4.txt
yolo_data_20220404_239_10.png,yolo_data_20220404_239_10.txt
yolo_data_20220404_119_4.png,yolo_data_20220404_119_4.txt
yolo_data_20220404_214_4.png,yolo_data_20220404_214_4.txt
yolo_data_20220404_177_6.png,yolo_data_20220404_177_6.txt
yolo_data_20220404_41_3.png,yolo_data_20220404_41_3.txt
yolo_data_20220404_3_8.png,yolo_data_20220404_3_8.txt
yolo_data_20220404_157_6.png,yolo_data_20220404_157_6.txt
yolo_data_20220404_125_6.png,yolo_data_20220404_125_6.txt
yolo_data_20220404_234_3.png,yolo_data_20220404_234_3.txt
yolo_data_20220404_207_1.png,yolo_data_20220404_207_1.txt
yolo_data_20220404_229_2.png,yolo_data_20220404_229_2.txt
yolo_data_20220404_79_6.png,yolo_data_20220404_79_6.txt
yolo_data_20220404_153_10.png,yolo_data_20220404_153_10.txt
yolo_data_20220404_201_9.png,yolo_data_20220404_201_9.txt
yolo_data_20220404_38_7.png,yolo_data_20220404_38_7.txt
yolo_data_20220404_129_6.png,yolo_data_20220404_129_6.txt
yolo_data_20220404_153_7.png,yolo_data_20220404_153_7.txt
yolo_data_20220404_82_6.png,yolo_data_20220404_82_6.txt
yolo_data_20220404_203_10.png,yolo_data_20220404_203_10.txt
yolo_data_20220404_208_10.png,yolo_data_20220404_208_10.txt
yolo_data_20220404_250_4.png,yolo_data_20220404_250_4.txt
yolo_data_20220404_63_5.png,yolo_data_20220404_63_5.txt
yolo_data_20220404_87_3.png,yolo_data_20220404_87_3.txt
yolo_data_20220404_171_3.png,yolo_data_20220404_171_3.txt
yolo_data_20220404_115_2.png,yolo_data_20220404_115_2.txt
yolo_data_20220404_191_3.png,yolo_data_20220404_191_3.txt
yolo_data_20220404_137_5.png,yolo_data_20220404_137_5.txt
yolo_data_20220404_100_5.png,yolo_data_20220404_100_5.txt
yolo_data_20220404_167_4.png,yolo_data_20220404_167_4.txt
yolo_data_20220404_152_7.png,yolo_data_20220404_152_7.txt
yolo_data_20220404_144_7.png,yolo_data_20220404_144_7.txt
yolo_data_20220404_47_8.png,yolo_data_20220404_47_8.txt
yolo_data_20220404_8_3.png,yolo_data_20220404_8_3.txt
yolo_data_20220404_176_4.png,yolo_data_20220404_176_4.txt
yolo_data_20220404_156_10.png,yolo_data_20220404_156_10.txt
yolo_data_20220404_23_2.png,yolo_data_20220404_23_2.txt
yolo_data_20220404_122_7.png,yolo_data_20220404_122_7.txt
yolo_data_20220404_41_9.png,yolo_data_20220404_41_9.txt
yolo_data_20220404_204_9.png,yolo_data_20220404_204_9.txt
yolo_data_20220404_227_6.png,yolo_data_20220404_227_6.txt
yolo_data_20220404_55_10.png,yolo_data_20220404_55_10.txt
yolo_data_20220404_71_3.png,yolo_data_20220404_71_3.txt
yolo_data_20220404_214_1.png,yolo_data_20220404_214_1.txt
yolo_data_20220404_174_4.png,yolo_data_20220404_174_4.txt
yolo_data_20220404_245_8.png,yolo_data_20220404_245_8.txt
yolo_data_20220404_27_9.png,yolo_data_20220404_27_9.txt
yolo_data_20220404_95_7.png,yolo_data_20220404_95_7.txt
yolo_data_20220404_169_4.png,yolo_data_20220404_169_4.txt
yolo_data_20220404_99_4.png,yolo_data_20220404_99_4.txt
yolo_data_20220404_206_7.png,yolo_data_20220404_206_7.txt
yolo_data_20220404_56_4.png,yolo_data_20220404_56_4.txt
yolo_data_20220404_175_2.png,yolo_data_20220404_175_2.txt
yolo_data_20220404_116_1.png,yolo_data_20220404_116_1.txt
yolo_data_20220404_190_8.png,yolo_data_20220404_190_8.txt
yolo_data_20220404_164_8.png,yolo_data_20220404_164_8.txt
yolo_data_20220404_59_4.png,yolo_data_20220404_59_4.txt
yolo_data_20220404_182_5.png,yolo_data_20220404_182_5.txt
yolo_data_20220404_184_7.png,yolo_data_20220404_184_7.txt
yolo_data_20220404_230_5.png,yolo_data_20220404_230_5.txt
yolo_data_20220404_180_9.png,yolo_data_20220404_180_9.txt
yolo_data_20220404_61_9.png,yolo_data_20220404_61_9.txt
yolo_data_20220404_53_8.png,yolo_data_20220404_53_8.txt
yolo_data_20220404_7_1.png,yolo_data_20220404_7_1.txt
yolo_data_20220404_128_1.png,yolo_data_20220404_128_1.txt
yolo_data_20220404_238_6.png,yolo_data_20220404_238_6.txt
yolo_data_20220404_231_6.png,yolo_data_20220404_231_6.txt
yolo_data_20220404_185_3.png,yolo_data_20220404_185_3.txt
yolo_data_20220404_86_9.png,yolo_data_20220404_86_9.txt
yolo_data_20220404_248_3.png,yolo_data_20220404_248_3.txt
yolo_data_20220404_167_7.png,yolo_data_20220404_167_7.txt
yolo_data_20220404_127_1.png,yolo_data_20220404_127_1.txt
yolo_data_20220404_240_1.png,yolo_data_20220404_240_1.txt
yolo_data_20220404_128_6.png,yolo_data_20220404_128_6.txt
yolo_data_20220404_52_6.png,yolo_data_20220404_52_6.txt
yolo_data_20220404_94_5.png,yolo_data_20220404_94_5.txt
yolo_data_20220404_46_10.png,yolo_data_20220404_46_10.txt
yolo_data_20220404_215_1.png,yolo_data_20220404_215_1.txt
yolo_data_20220404_112_3.png,yolo_data_20220404_112_3.txt
yolo_data_20220404_67_6.png,yolo_data_20220404_67_6.txt
yolo_data_20220404_174_8.png,yolo_data_20220404_174_8.txt
yolo_data_20220404_113_2.png,yolo_data_20220404_113_2.txt
yolo_data_20220404_49_5.png,yolo_data_20220404_49_5.txt
yolo_data_20220404_82_4.png,yolo_data_20220404_82_4.txt
yolo_data_20220404_66_7.png,yolo_data_20220404_66_7.txt
yolo_data_20220404_231_5.png,yolo_data_20220404_231_5.txt
yolo_data_20220404_76_5.png,yolo_data_20220404_76_5.txt
yolo_data_20220404_118_10.png,yolo_data_20220404_118_10.txt
yolo_data_20220404_101_4.png,yolo_data_20220404_101_4.txt
yolo_data_20220404_115_7.png,yolo_data_20220404_115_7.txt
yolo_data_20220404_17_9.png,yolo_data_20220404_17_9.txt
yolo_data_20220404_101_6.png,yolo_data_20220404_101_6.txt
yolo_data_20220404_180_3.png,yolo_data_20220404_180_3.txt
yolo_data_20220404_101_10.png,yolo_data_20220404_101_10.txt
yolo_data_20220404_80_8.png,yolo_data_20220404_80_8.txt
yolo_data_20220404_204_2.png,yolo_data_20220404_204_2.txt
yolo_data_20220404_166_9.png,yolo_data_20220404_166_9.txt
yolo_data_20220404_199_2.png,yolo_data_20220404_199_2.txt
yolo_data_20220404_222_8.png,yolo_data_20220404_222_8.txt
yolo_data_20220404_208_2.png,yolo_data_20220404_208_2.txt
yolo_data_20220404_12_2.png,yolo_data_20220404_12_2.txt
yolo_data_20220404_231_3.png,yolo_data_20220404_231_3.txt
yolo_data_20220404_162_8.png,yolo_data_20220404_162_8.txt
yolo_data_20220404_116_8.png,yolo_data_20220404_116_8.txt
yolo_data_20220404_235_1.png,yolo_data_20220404_235_1.txt
yolo_data_20220404_8_5.png,yolo_data_20220404_8_5.txt
yolo_data_20220404_76_8.png,yolo_data_20220404_76_8.txt
yolo_data_20220404_135_9.png,yolo_data_20220404_135_9.txt
yolo_data_20220404_179_3.png,yolo_data_20220404_179_3.txt
yolo_data_20220404_243_9.png,yolo_data_20220404_243_9.txt
yolo_data_20220404_165_7.png,yolo_data_20220404_165_7.txt
yolo_data_20220404_223_7.png,yolo_data_20220404_223_7.txt
yolo_data_20220404_104_9.png,yolo_data_20220404_104_9.txt
yolo_data_20220404_188_8.png,yolo_data_20220404_188_8.txt
yolo_data_20220404_97_8.png,yolo_data_20220404_97_8.txt
yolo_data_20220404_121_3.png,yolo_data_20220404_121_3.txt
yolo_data_20220404_206_4.png,yolo_data_20220404_206_4.txt
yolo_data_20220404_14_8.png,yolo_data_20220404_14_8.txt
yolo_data_20220404_69_6.png,yolo_data_20220404_69_6.txt
yolo_data_20220404_177_2.png,yolo_data_20220404_177_2.txt
yolo_data_20220404_89_9.png,yolo_data_20220404_89_9.txt
yolo_data_20220404_189_1.png,yolo_data_20220404_189_1.txt
yolo_data_20220404_247_1.png,yolo_data_20220404_247_1.txt
yolo_data_20220404_214_10.png,yolo_data_20220404_214_10.txt
yolo_data_20220404_188_1.png,yolo_data_20220404_188_1.txt
yolo_data_20220404_227_5.png,yolo_data_20220404_227_5.txt
yolo_data_20220404_224_2.png,yolo_data_20220404_224_2.txt
yolo_data_20220404_115_4.png,yolo_data_20220404_115_4.txt
yolo_data_20220404_208_9.png,yolo_data_20220404_208_9.txt
yolo_data_20220404_217_1.png,yolo_data_20220404_217_1.txt
yolo_data_20220404_40_6.png,yolo_data_20220404_40_6.txt
yolo_data_20220404_107_9.png,yolo_data_20220404_107_9.txt
yolo_data_20220404_15_2.png,yolo_data_20220404_15_2.txt
yolo_data_20220404_73_9.png,yolo_data_20220404_73_9.txt
yolo_data_20220404_221_1.png,yolo_data_20220404_221_1.txt
yolo_data_20220404_18_7.png,yolo_data_20220404_18_7.txt
yolo_data_20220404_154_9.png,yolo_data_20220404_154_9.txt
yolo_data_20220404_147_9.png,yolo_data_20220404_147_9.txt
yolo_data_20220404_43_7.png,yolo_data_20220404_43_7.txt
yolo_data_20220404_130_4.png,yolo_data_20220404_130_4.txt
yolo_data_20220404_37_3.png,yolo_data_20220404_37_3.txt
yolo_data_20220404_162_1.png,yolo_data_20220404_162_1.txt
yolo_data_20220404_53_5.png,yolo_data_20220404_53_5.txt
yolo_data_20220404_101_7.png,yolo_data_20220404_101_7.txt
yolo_data_20220404_159_8.png,yolo_data_20220404_159_8.txt
yolo_data_20220404_156_7.png,yolo_data_20220404_156_7.txt
yolo_data_20220404_195_5.png,yolo_data_20220404_195_5.txt
yolo_data_20220404_224_4.png,yolo_data_20220404_224_4.txt
yolo_data_20220404_109_5.png,yolo_data_20220404_109_5.txt
yolo_data_20220404_195_8.png,yolo_data_20220404_195_8.txt
yolo_data_20220404_72_8.png,yolo_data_20220404_72_8.txt
yolo_data_20220404_193_9.png,yolo_data_20220404_193_9.txt
yolo_data_20220404_228_2.png,yolo_data_20220404_228_2.txt
yolo_data_20220404_224_1.png,yolo_data_20220404_224_1.txt
yolo_data_20220404_243_2.png,yolo_data_20220404_243_2.txt
yolo_data_20220404_168_3.png,yolo_data_20220404_168_3.txt
yolo_data_20220404_77_8.png,yolo_data_20220404_77_8.txt
yolo_data_20220404_84_10.png,yolo_data_20220404_84_10.txt
yolo_data_20220404_131_3.png,yolo_data_20220404_131_3.txt
yolo_data_20220404_150_5.png,yolo_data_20220404_150_5.txt
yolo_data_20220404_118_8.png,yolo_data_20220404_118_8.txt
yolo_data_20220404_35_9.png,yolo_data_20220404_35_9.txt
yolo_data_20220404_34_6.png,yolo_data_20220404_34_6.txt
yolo_data_20220404_134_4.png,yolo_data_20220404_134_4.txt
yolo_data_20220404_156_9.png,yolo_data_20220404_156_9.txt
yolo_data_20220404_100_1.png,yolo_data_20220404_100_1.txt
yolo_data_20220404_176_7.png,yolo_data_20220404_176_7.txt
yolo_data_20220404_69_5.png,yolo_data_20220404_69_5.txt
yolo_data_20220404_104_1.png,yolo_data_20220404_104_1.txt
yolo_data_20220404_106_10.png,yolo_data_20220404_106_10.txt
yolo_data_20220404_101_3.png,yolo_data_20220404_101_3.txt
yolo_data_20220404_240_4.png,yolo_data_20220404_240_4.txt
yolo_data_20220404_139_7.png,yolo_data_20220404_139_7.txt
yolo_data_20220404_125_7.png,yolo_data_20220404_125_7.txt
yolo_data_20220404_81_4.png,yolo_data_20220404_81_4.txt
yolo_data_20220404_43_5.png,yolo_data_20220404_43_5.txt
yolo_data_20220404_239_8.png,yolo_data_20220404_239_8.txt
yolo_data_20220404_96_6.png,yolo_data_20220404_96_6.txt
yolo_data_20220404_66_4.png,yolo_data_20220404_66_4.txt
yolo_data_20220404_121_5.png,yolo_data_20220404_121_5.txt
yolo_data_20220404_25_1.png,yolo_data_20220404_25_1.txt
yolo_data_20220404_206_8.png,yolo_data_20220404_206_8.txt
yolo_data_20220404_152_9.png,yolo_data_20220404_152_9.txt
yolo_data_20220404_77_10.png,yolo_data_20220404_77_10.txt
yolo_data_20220404_36_7.png,yolo_data_20220404_36_7.txt
yolo_data_20220404_237_10.png,yolo_data_20220404_237_10.txt
yolo_data_20220404_109_8.png,yolo_data_20220404_109_8.txt
yolo_data_20220404_245_1.png,yolo_data_20220404_245_1.txt
yolo_data_20220404_220_7.png,yolo_data_20220404_220_7.txt
yolo_data_20220404_82_8.png,yolo_data_20220404_82_8.txt
yolo_data_20220404_113_6.png,yolo_data_20220404_113_6.txt
yolo_data_20220404_145_9.png,yolo_data_20220404_145_9.txt
yolo_data_20220404_15_4.png,yolo_data_20220404_15_4.txt
yolo_data_20220404_96_1.png,yolo_data_20220404_96_1.txt
yolo_data_20220404_6_8.png,yolo_data_20220404_6_8.txt
yolo_data_20220404_49_8.png,yolo_data_20220404_49_8.txt
yolo_data_20220404_124_1.png,yolo_data_20220404_124_1.txt
yolo_data_20220404_109_7.png,yolo_data_20220404_109_7.txt
yolo_data_20220404_120_3.png,yolo_data_20220404_120_3.txt
yolo_data_20220404_213_9.png,yolo_data_20220404_213_9.txt
yolo_data_20220404_164_7.png,yolo_data_20220404_164_7.txt
yolo_data_20220404_105_6.png,yolo_data_20220404_105_6.txt
yolo_data_20220404_158_3.png,yolo_data_20220404_158_3.txt
yolo_data_20220404_151_3.png,yolo_data_20220404_151_3.txt
yolo_data_20220404_237_6.png,yolo_data_20220404_237_6.txt
yolo_data_20220404_234_1.png,yolo_data_20220404_234_1.txt
yolo_data_20220404_31_10.png,yolo_data_20220404_31_10.txt
yolo_data_20220404_195_7.png,yolo_data_20220404_195_7.txt
yolo_data_20220404_161_4.png,yolo_data_20220404_161_4.txt
yolo_data_20220404_242_3.png,yolo_data_20220404_242_3.txt
yolo_data_20220404_90_5.png,yolo_data_20220404_90_5.txt
yolo_data_20220404_177_8.png,yolo_data_20220404_177_8.txt
yolo_data_20220404_177_10.png,yolo_data_20220404_177_10.txt
yolo_data_20220404_131_8.png,yolo_data_20220404_131_8.txt
yolo_data_20220404_165_8.png,yolo_data_20220404_165_8.txt
yolo_data_20220404_86_10.png,yolo_data_20220404_86_10.txt
yolo_data_20220404_12_3.png,yolo_data_20220404_12_3.txt
yolo_data_20220404_62_5.png,yolo_data_20220404_62_5.txt
yolo_data_20220404_184_4.png,yolo_data_20220404_184_4.txt
yolo_data_20220404_71_9.png,yolo_data_20220404_71_9.txt
yolo_data_20220404_29_5.png,yolo_data_20220404_29_5.txt
yolo_data_20220404_121_10.png,yolo_data_20220404_121_10.txt
yolo_data_20220404_72_1.png,yolo_data_20220404_72_1.txt
yolo_data_20220404_43_9.png,yolo_data_20220404_43_9.txt
yolo_data_20220404_189_2.png,yolo_data_20220404_189_2.txt
yolo_data_20220404_36_6.png,yolo_data_20220404_36_6.txt
yolo_data_20220404_130_9.png,yolo_data_20220404_130_9.txt
yolo_data_20220404_226_1.png,yolo_data_20220404_226_1.txt
yolo_data_20220404_138_4.png,yolo_data_20220404_138_4.txt
yolo_data_20220404_148_5.png,yolo_data_20220404_148_5.txt
yolo_data_20220404_215_8.png,yolo_data_20220404_215_8.txt
yolo_data_20220404_117_1.png,yolo_data_20220404_117_1.txt
yolo_data_20220404_183_2.png,yolo_data_20220404_183_2.txt
yolo_data_20220404_197_2.png,yolo_data_20220404_197_2.txt
yolo_data_20220404_26_5.png,yolo_data_20220404_26_5.txt
yolo_data_20220404_147_3.png,yolo_data_20220404_147_3.txt
yolo_data_20220404_1_5.png,yolo_data_20220404_1_5.txt
yolo_data_20220404_30_3.png,yolo_data_20220404_30_3.txt
yolo_data_20220404_163_3.png,yolo_data_20220404_163_3.txt
yolo_data_20220404_113_8.png,yolo_data_20220404_113_8.txt
yolo_data_20220404_17_1.png,yolo_data_20220404_17_1.txt
yolo_data_20220404_189_10.png,yolo_data_20220404_189_10.txt
yolo_data_20220404_33_5.png,yolo_data_20220404_33_5.txt
yolo_data_20220404_204_10.png,yolo_data_20220404_204_10.txt
yolo_data_20220404_179_10.png,yolo_data_20220404_179_10.txt
yolo_data_20220404_222_6.png,yolo_data_20220404_222_6.txt
yolo_data_20220404_239_1.png,yolo_data_20220404_239_1.txt
yolo_data_20220404_55_9.png,yolo_data_20220404_55_9.txt
yolo_data_20220404_217_9.png,yolo_data_20220404_217_9.txt
yolo_data_20220404_118_4.png,yolo_data_20220404_118_4.txt
yolo_data_20220404_223_2.png,yolo_data_20220404_223_2.txt
yolo_data_20220404_232_3.png,yolo_data_20220404_232_3.txt
yolo_data_20220404_220_1.png,yolo_data_20220404_220_1.txt
yolo_data_20220404_47_3.png,yolo_data_20220404_47_3.txt
yolo_data_20220404_163_6.png,yolo_data_20220404_163_6.txt
yolo_data_20220404_228_6.png,yolo_data_20220404_228_6.txt
yolo_data_20220404_54_1.png,yolo_data_20220404_54_1.txt
yolo_data_20220404_70_2.png,yolo_data_20220404_70_2.txt
yolo_data_20220404_141_4.png,yolo_data_20220404_141_4.txt
yolo_data_20220404_47_1.png,yolo_data_20220404_47_1.txt
yolo_data_20220404_85_9.png,yolo_data_20220404_85_9.txt
yolo_data_20220404_112_5.png,yolo_data_20220404_112_5.txt
yolo_data_20220404_157_5.png,yolo_data_20220404_157_5.txt
yolo_data_20220404_87_4.png,yolo_data_20220404_87_4.txt
yolo_data_20220404_24_10.png,yolo_data_20220404_24_10.txt
yolo_data_20220404_232_8.png,yolo_data_20220404_232_8.txt
yolo_data_20220404_30_4.png,yolo_data_20220404_30_4.txt
yolo_data_20220404_157_3.png,yolo_data_20220404_157_3.txt
yolo_data_20220404_219_8.png,yolo_data_20220404_219_8.txt
yolo_data_20220404_119_6.png,yolo_data_20220404_119_6.txt
yolo_data_20220404_184_2.png,yolo_data_20220404_184_2.txt
yolo_data_20220404_141_5.png,yolo_data_20220404_141_5.txt
yolo_data_20220404_187_2.png,yolo_data_20220404_187_2.txt
yolo_data_20220404_184_6.png,yolo_data_20220404_184_6.txt
yolo_data_20220404_95_4.png,yolo_data_20220404_95_4.txt
yolo_data_20220404_73_4.png,yolo_data_20220404_73_4.txt
yolo_data_20220404_245_9.png,yolo_data_20220404_245_9.txt
yolo_data_20220404_141_1.png,yolo_data_20220404_141_1.txt
yolo_data_20220404_3_7.png,yolo_data_20220404_3_7.txt
yolo_data_20220404_225_1.png,yolo_data_20220404_225_1.txt
yolo_data_20220404_166_4.png,yolo_data_20220404_166_4.txt
yolo_data_20220404_34_4.png,yolo_data_20220404_34_4.txt
yolo_data_20220404_241_7.png,yolo_data_20220404_241_7.txt
yolo_data_20220404_215_9.png,yolo_data_20220404_215_9.txt
yolo_data_20220404_90_6.png,yolo_data_20220404_90_6.txt
yolo_data_20220404_166_10.png,yolo_data_20220404_166_10.txt
yolo_data_20220404_156_3.png,yolo_data_20220404_156_3.txt
yolo_data_20220404_153_3.png,yolo_data_20220404_153_3.txt
yolo_data_20220404_24_2.png,yolo_data_20220404_24_2.txt
yolo_data_20220404_209_6.png,yolo_data_20220404_209_6.txt
yolo_data_20220404_240_9.png,yolo_data_20220404_240_9.txt
yolo_data_20220404_14_3.png,yolo_data_20220404_14_3.txt
yolo_data_20220404_36_3.png,yolo_data_20220404_36_3.txt
yolo_data_20220404_170_5.png,yolo_data_20220404_170_5.txt
yolo_data_20220404_80_1.png,yolo_data_20220404_80_1.txt
yolo_data_20220404_127_3.png,yolo_data_20220404_127_3.txt
yolo_data_20220404_242_10.png,yolo_data_20220404_242_10.txt
yolo_data_20220404_161_2.png,yolo_data_20220404_161_2.txt
yolo_data_20220404_126_6.png,yolo_data_20220404_126_6.txt
yolo_data_20220404_222_1.png,yolo_data_20220404_222_1.txt
yolo_data_20220404_91_7.png,yolo_data_20220404_91_7.txt
yolo_data_20220404_146_10.png,yolo_data_20220404_146_10.txt
yolo_data_20220404_84_9.png,yolo_data_20220404_84_9.txt
yolo_data_20220404_126_7.png,yolo_data_20220404_126_7.txt
yolo_data_20220404_85_4.png,yolo_data_20220404_85_4.txt
yolo_data_20220404_213_1.png,yolo_data_20220404_213_1.txt
yolo_data_20220404_120_2.png,yolo_data_20220404_120_2.txt
yolo_data_20220404_240_7.png,yolo_data_20220404_240_7.txt
yolo_data_20220404_204_6.png,yolo_data_20220404_204_6.txt
yolo_data_20220404_14_6.png,yolo_data_20220404_14_6.txt
yolo_data_20220404_72_10.png,yolo_data_20220404_72_10.txt
yolo_data_20220404_238_8.png,yolo_data_20220404_238_8.txt
yolo_data_20220404_49_7.png,yolo_data_20220404_49_7.txt
yolo_data_20220404_188_7.png,yolo_data_20220404_188_7.txt
yolo_data_20220404_204_7.png,yolo_data_20220404_204_7.txt
yolo_data_20220404_167_10.png,yolo_data_20220404_167_10.txt
yolo_data_20220404_6_10.png,yolo_data_20220404_6_10.txt
yolo_data_20220404_163_4.png,yolo_data_20220404_163_4.txt
yolo_data_20220404_66_10.png,yolo_data_20220404_66_10.txt
yolo_data_20220404_136_5.png,yolo_data_20220404_136_5.txt
yolo_data_20220404_47_10.png,yolo_data_20220404_47_10.txt
yolo_data_20220404_57_9.png,yolo_data_20220404_57_9.txt
yolo_data_20220404_180_2.png,yolo_data_20220404_180_2.txt
yolo_data_20220404_244_7.png,yolo_data_20220404_244_7.txt
yolo_data_20220404_162_2.png,yolo_data_20220404_162_2.txt
yolo_data_20220404_202_9.png,yolo_data_20220404_202_9.txt
yolo_data_20220404_200_9.png,yolo_data_20220404_200_9.txt
yolo_data_20220404_82_5.png,yolo_data_20220404_82_5.txt
yolo_data_20220404_67_1.png,yolo_data_20220404_67_1.txt
yolo_data_20220404_73_7.png,yolo_data_20220404_73_7.txt
yolo_data_20220404_162_6.png,yolo_data_20220404_162_6.txt
yolo_data_20220404_174_3.png,yolo_data_20220404_174_3.txt
yolo_data_20220404_10_7.png,yolo_data_20220404_10_7.txt
yolo_data_20220404_12_5.png,yolo_data_20220404_12_5.txt
yolo_data_20220404_80_6.png,yolo_data_20220404_80_6.txt
yolo_data_20220404_204_3.png,yolo_data_20220404_204_3.txt
yolo_data_20220404_74_10.png,yolo_data_20220404_74_10.txt
yolo_data_20220404_43_6.png,yolo_data_20220404_43_6.txt
yolo_data_20220404_185_7.png,yolo_data_20220404_185_7.txt
yolo_data_20220404_2_4.png,yolo_data_20220404_2_4.txt
yolo_data_20220404_167_2.png,yolo_data_20220404_167_2.txt
yolo_data_20220404_124_10.png,yolo_data_20220404_124_10.txt
yolo_data_20220404_174_5.png,yolo_data_20220404_174_5.txt
yolo_data_20220404_177_9.png,yolo_data_20220404_177_9.txt
yolo_data_20220404_198_2.png,yolo_data_20220404_198_2.txt
yolo_data_20220404_227_8.png,yolo_data_20220404_227_8.txt
yolo_data_20220404_130_3.png,yolo_data_20220404_130_3.txt
yolo_data_20220404_247_2.png,yolo_data_20220404_247_2.txt
yolo_data_20220404_153_4.png,yolo_data_20220404_153_4.txt
yolo_data_20220404_80_10.png,yolo_data_20220404_80_10.txt
yolo_data_20220404_46_7.png,yolo_data_20220404_46_7.txt
yolo_data_20220404_223_5.png,yolo_data_20220404_223_5.txt
yolo_data_20220404_245_2.png,yolo_data_20220404_245_2.txt
yolo_data_20220404_50_5.png,yolo_data_20220404_50_5.txt
yolo_data_20220404_51_3.png,yolo_data_20220404_51_3.txt
yolo_data_20220404_132_7.png,yolo_data_20220404_132_7.txt
yolo_data_20220404_16_1.png,yolo_data_20220404_16_1.txt
yolo_data_20220404_250_8.png,yolo_data_20220404_250_8.txt
yolo_data_20220404_150_3.png,yolo_data_20220404_150_3.txt
yolo_data_20220404_134_2.png,yolo_data_20220404_134_2.txt
yolo_data_20220404_127_6.png,yolo_data_20220404_127_6.txt
yolo_data_20220404_238_10.png,yolo_data_20220404_238_10.txt
yolo_data_20220404_103_10.png,yolo_data_20220404_103_10.txt
yolo_data_20220404_149_8.png,yolo_data_20220404_149_8.txt
yolo_data_20220404_104_4.png,yolo_data_20220404_104_4.txt
yolo_data_20220404_93_9.png,yolo_data_20220404_93_9.txt
yolo_data_20220404_241_2.png,yolo_data_20220404_241_2.txt
yolo_data_20220404_219_3.png,yolo_data_20220404_219_3.txt
yolo_data_20220404_172_9.png,yolo_data_20220404_172_9.txt
yolo_data_20220404_58_6.png,yolo_data_20220404_58_6.txt
yolo_data_20220404_146_4.png,yolo_data_20220404_146_4.txt
yolo_data_20220404_205_8.png,yolo_data_20220404_205_8.txt
yolo_data_20220404_63_1.png,yolo_data_20220404_63_1.txt
yolo_data_20220404_189_5.png,yolo_data_20220404_189_5.txt
yolo_data_20220404_100_8.png,yolo_data_20220404_100_8.txt
yolo_data_20220404_66_8.png,yolo_data_20220404_66_8.txt
yolo_data_20220404_164_9.png,yolo_data_20220404_164_9.txt
yolo_data_20220404_26_1.png,yolo_data_20220404_26_1.txt
yolo_data_20220404_171_5.png,yolo_data_20220404_171_5.txt
yolo_data_20220404_70_5.png,yolo_data_20220404_70_5.txt
yolo_data_20220404_65_6.png,yolo_data_20220404_65_6.txt
yolo_data_20220404_165_2.png,yolo_data_20220404_165_2.txt
yolo_data_20220404_145_6.png,yolo_data_20220404_145_6.txt
yolo_data_20220404_10_9.png,yolo_data_20220404_10_9.txt
yolo_data_20220404_182_10.png,yolo_data_20220404_182_10.txt
yolo_data_20220404_184_1.png,yolo_data_20220404_184_1.txt
yolo_data_20220404_4_9.png,yolo_data_20220404_4_9.txt
yolo_data_20220404_172_8.png,yolo_data_20220404_172_8.txt
yolo_data_20220404_99_1.png,yolo_data_20220404_99_1.txt
yolo_data_20220404_191_10.png,yolo_data_20220404_191_10.txt
yolo_data_20220404_84_5.png,yolo_data_20220404_84_5.txt
yolo_data_20220404_156_8.png,yolo_data_20220404_156_8.txt
yolo_data_20220404_8_9.png,yolo_data_20220404_8_9.txt
yolo_data_20220404_241_9.png,yolo_data_20220404_241_9.txt
yolo_data_20220404_55_7.png,yolo_data_20220404_55_7.txt
yolo_data_20220404_224_10.png,yolo_data_20220404_224_10.txt
yolo_data_20220404_89_10.png,yolo_data_20220404_89_10.txt
yolo_data_20220404_29_7.png,yolo_data_20220404_29_7.txt
yolo_data_20220404_177_3.png,yolo_data_20220404_177_3.txt
yolo_data_20220404_94_1.png,yolo_data_20220404_94_1.txt
yolo_data_20220404_79_9.png,yolo_data_20220404_79_9.txt
yolo_data_20220404_37_8.png,yolo_data_20220404_37_8.txt
yolo_data_20220404_223_1.png,yolo_data_20220404_223_1.txt
yolo_data_20220404_87_6.png,yolo_data_20220404_87_6.txt
yolo_data_20220404_30_9.png,yolo_data_20220404_30_9.txt
yolo_data_20220404_56_7.png,yolo_data_20220404_56_7.txt
yolo_data_20220404_39_10.png,yolo_data_20220404_39_10.txt
yolo_data_20220404_103_7.png,yolo_data_20220404_103_7.txt
yolo_data_20220404_33_9.png,yolo_data_20220404_33_9.txt
yolo_data_20220404_220_6.png,yolo_data_20220404_220_6.txt
yolo_data_20220404_19_10.png,yolo_data_20220404_19_10.txt
yolo_data_20220404_14_7.png,yolo_data_20220404_14_7.txt
yolo_data_20220404_75_2.png,yolo_data_20220404_75_2.txt
yolo_data_20220404_188_10.png,yolo_data_20220404_188_10.txt
yolo_data_20220404_60_9.png,yolo_data_20220404_60_9.txt
yolo_data_20220404_81_10.png,yolo_data_20220404_81_10.txt
yolo_data_20220404_130_5.png,yolo_data_20220404_130_5.txt
yolo_data_20220404_221_4.png,yolo_data_20220404_221_4.txt
yolo_data_20220404_199_9.png,yolo_data_20220404_199_9.txt
yolo_data_20220404_7_4.png,yolo_data_20220404_7_4.txt
yolo_data_20220404_181_2.png,yolo_data_20220404_181_2.txt
yolo_data_20220404_38_6.png,yolo_data_20220404_38_6.txt
yolo_data_20220404_13_10.png,yolo_data_20220404_13_10.txt
yolo_data_20220404_148_6.png,yolo_data_20220404_148_6.txt
yolo_data_20220404_41_8.png,yolo_data_20220404_41_8.txt
yolo_data_20220404_199_5.png,yolo_data_20220404_199_5.txt
yolo_data_20220404_141_9.png,yolo_data_20220404_141_9.txt
yolo_data_20220404_173_5.png,yolo_data_20220404_173_5.txt
yolo_data_20220404_208_1.png,yolo_data_20220404_208_1.txt
yolo_data_20220404_99_9.png,yolo_data_20220404_99_9.txt
yolo_data_20220404_122_10.png,yolo_data_20220404_122_10.txt
yolo_data_20220404_219_7.png,yolo_data_20220404_219_7.txt
yolo_data_20220404_116_5.png,yolo_data_20220404_116_5.txt
yolo_data_20220404_60_3.png,yolo_data_20220404_60_3.txt
yolo_data_20220404_24_7.png,yolo_data_20220404_24_7.txt
yolo_data_20220404_126_9.png,yolo_data_20220404_126_9.txt
yolo_data_20220404_112_7.png,yolo_data_20220404_112_7.txt
yolo_data_20220404_144_4.png,yolo_data_20220404_144_4.txt
yolo_data_20220404_192_2.png,yolo_data_20220404_192_2.txt
yolo_data_20220404_225_2.png,yolo_data_20220404_225_2.txt
yolo_data_20220404_236_6.png,yolo_data_20220404_236_6.txt
yolo_data_20220404_97_2.png,yolo_data_20220404_97_2.txt
yolo_data_20220404_176_1.png,yolo_data_20220404_176_1.txt
yolo_data_20220404_186_7.png,yolo_data_20220404_186_7.txt
yolo_data_20220404_135_10.png,yolo_data_20220404_135_10.txt
yolo_data_20220404_129_4.png,yolo_data_20220404_129_4.txt
yolo_data_20220404_64_1.png,yolo_data_20220404_64_1.txt
yolo_data_20220404_183_6.png,yolo_data_20220404_183_6.txt
yolo_data_20220404_184_10.png,yolo_data_20220404_184_10.txt
yolo_data_20220404_48_7.png,yolo_data_20220404_48_7.txt
yolo_data_20220404_183_8.png,yolo_data_20220404_183_8.txt
yolo_data_20220404_193_4.png,yolo_data_20220404_193_4.txt
yolo_data_20220404_127_4.png,yolo_data_20220404_127_4.txt
yolo_data_20220404_109_3.png,yolo_data_20220404_109_3.txt
yolo_data_20220404_212_5.png,yolo_data_20220404_212_5.txt
yolo_data_20220404_247_8.png,yolo_data_20220404_247_8.txt
yolo_data_20220404_22_2.png,yolo_data_20220404_22_2.txt
yolo_data_20220404_136_7.png,yolo_data_20220404_136_7.txt
yolo_data_20220404_2_3.png,yolo_data_20220404_2_3.txt
yolo_data_20220404_90_2.png,yolo_data_20220404_90_2.txt
yolo_data_20220404_94_9.png,yolo_data_20220404_94_9.txt
yolo_data_20220404_79_10.png,yolo_data_20220404_79_10.txt
yolo_data_20220404_154_8.png,yolo_data_20220404_154_8.txt
yolo_data_20220404_241_3.png,yolo_data_20220404_241_3.txt
yolo_data_20220404_49_6.png,yolo_data_20220404_49_6.txt
yolo_data_20220404_101_2.png,yolo_data_20220404_101_2.txt
yolo_data_20220404_70_8.png,yolo_data_20220404_70_8.txt
yolo_data_20220404_191_6.png,yolo_data_20220404_191_6.txt
yolo_data_20220404_103_5.png,yolo_data_20220404_103_5.txt
yolo_data_20220404_48_3.png,yolo_data_20220404_48_3.txt
yolo_data_20220404_244_6.png,yolo_data_20220404_244_6.txt
yolo_data_20220404_172_7.png,yolo_data_20220404_172_7.txt
yolo_data_20220404_52_8.png,yolo_data_20220404_52_8.txt
yolo_data_20220404_102_4.png,yolo_data_20220404_102_4.txt
yolo_data_20220404_19_6.png,yolo_data_20220404_19_6.txt
yolo_data_20220404_32_4.png,yolo_data_20220404_32_4.txt
yolo_data_20220404_226_8.png,yolo_data_20220404_226_8.txt
yolo_data_20220404_99_8.png,yolo_data_20220404_99_8.txt
yolo_data_20220404_126_8.png,yolo_data_20220404_126_8.txt
yolo_data_20220404_10_10.png,yolo_data_20220404_10_10.txt
yolo_data_20220404_194_7.png,yolo_data_20220404_194_7.txt
yolo_data_20220404_108_9.png,yolo_data_20220404_108_9.txt
yolo_data_20220404_98_1.png,yolo_data_20220404_98_1.txt
yolo_data_20220404_156_4.png,yolo_data_20220404_156_4.txt
yolo_data_20220404_219_2.png,yolo_data_20220404_219_2.txt
yolo_data_20220404_194_6.png,yolo_data_20220404_194_6.txt
yolo_data_20220404_151_2.png,yolo_data_20220404_151_2.txt
yolo_data_20220404_136_9.png,yolo_data_20220404_136_9.txt
yolo_data_20220404_216_7.png,yolo_data_20220404_216_7.txt
yolo_data_20220404_161_6.png,yolo_data_20220404_161_6.txt
yolo_data_20220404_143_7.png,yolo_data_20220404_143_7.txt
yolo_data_20220404_116_9.png,yolo_data_20220404_116_9.txt
yolo_data_20220404_235_6.png,yolo_data_20220404_235_6.txt
yolo_data_20220404_80_9.png,yolo_data_20220404_80_9.txt
yolo_data_20220404_89_7.png,yolo_data_20220404_89_7.txt
yolo_data_20220404_168_10.png,yolo_data_20220404_168_10.txt
yolo_data_20220404_55_5.png,yolo_data_20220404_55_5.txt
yolo_data_20220404_61_5.png,yolo_data_20220404_61_5.txt
yolo_data_20220404_114_2.png,yolo_data_20220404_114_2.txt
yolo_data_20220404_63_6.png,yolo_data_20220404_63_6.txt
yolo_data_20220404_17_5.png,yolo_data_20220404_17_5.txt
yolo_data_20220404_139_2.png,yolo_data_20220404_139_2.txt
yolo_data_20220404_7_6.png,yolo_data_20220404_7_6.txt
yolo_data_20220404_217_8.png,yolo_data_20220404_217_8.txt
yolo_data_20220404_106_8.png,yolo_data_20220404_106_8.txt
yolo_data_20220404_132_1.png,yolo_data_20220404_132_1.txt
yolo_data_20220404_209_2.png,yolo_data_20220404_209_2.txt
yolo_data_20220404_199_10.png,yolo_data_20220404_199_10.txt
yolo_data_20220404_96_7.png,yolo_data_20220404_96_7.txt
yolo_data_20220404_27_5.png,yolo_data_20220404_27_5.txt
yolo_data_20220404_12_6.png,yolo_data_20220404_12_6.txt
yolo_data_20220404_18_2.png,yolo_data_20220404_18_2.txt
yolo_data_20220404_224_6.png,yolo_data_20220404_224_6.txt
yolo_data_20220404_236_4.png,yolo_data_20220404_236_4.txt
yolo_data_20220404_229_1.png,yolo_data_20220404_229_1.txt
yolo_data_20220404_224_8.png,yolo_data_20220404_224_8.txt
yolo_data_20220404_174_6.png,yolo_data_20220404_174_6.txt
yolo_data_20220404_11_6.png,yolo_data_20220404_11_6.txt
yolo_data_20220404_92_9.png,yolo_data_20220404_92_9.txt
yolo_data_20220404_15_6.png,yolo_data_20220404_15_6.txt
yolo_data_20220404_59_7.png,yolo_data_20220404_59_7.txt
yolo_data_20220404_152_1.png,yolo_data_20220404_152_1.txt
yolo_data_20220404_94_10.png,yolo_data_20220404_94_10.txt
yolo_data_20220404_224_5.png,yolo_data_20220404_224_5.txt
yolo_data_20220404_29_9.png,yolo_data_20220404_29_9.txt
yolo_data_20220404_37_1.png,yolo_data_20220404_37_1.txt
yolo_data_20220404_130_1.png,yolo_data_20220404_130_1.txt
yolo_data_20220404_211_5.png,yolo_data_20220404_211_5.txt
yolo_data_20220404_11_4.png,yolo_data_20220404_11_4.txt
yolo_data_20220404_99_5.png,yolo_data_20220404_99_5.txt
yolo_data_20220404_70_6.png,yolo_data_20220404_70_6.txt
yolo_data_20220404_186_6.png,yolo_data_20220404_186_6.txt
yolo_data_20220404_143_4.png,yolo_data_20220404_143_4.txt
yolo_data_20220404_22_1.png,yolo_data_20220404_22_1.txt
yolo_data_20220404_94_7.png,yolo_data_20220404_94_7.txt
yolo_data_20220404_82_7.png,yolo_data_20220404_82_7.txt
yolo_data_20220404_74_4.png,yolo_data_20220404_74_4.txt
yolo_data_20220404_189_9.png,yolo_data_20220404_189_9.txt
yolo_data_20220404_41_10.png,yolo_data_20220404_41_10.txt
yolo_data_20220404_209_4.png,yolo_data_20220404_209_4.txt
yolo_data_20220404_201_3.png,yolo_data_20220404_201_3.txt
yolo_data_20220404_217_10.png,yolo_data_20220404_217_10.txt
yolo_data_20220404_205_1.png,yolo_data_20220404_205_1.txt
yolo_data_20220404_102_1.png,yolo_data_20220404_102_1.txt
yolo_data_20220404_3_5.png,yolo_data_20220404_3_5.txt
yolo_data_20220404_45_7.png,yolo_data_20220404_45_7.txt
yolo_data_20220404_198_4.png,yolo_data_20220404_198_4.txt
yolo_data_20220404_92_8.png,yolo_data_20220404_92_8.txt
yolo_data_20220404_106_6.png,yolo_data_20220404_106_6.txt
yolo_data_20220404_206_1.png,yolo_data_20220404_206_1.txt
yolo_data_20220404_174_1.png,yolo_data_20220404_174_1.txt
yolo_data_20220404_247_4.png,yolo_data_20220404_247_4.txt
yolo_data_20220404_185_9.png,yolo_data_20220404_185_9.txt
yolo_data_20220404_57_2.png,yolo_data_20220404_57_2.txt
yolo_data_20220404_35_3.png,yolo_data_20220404_35_3.txt
yolo_data_20220404_133_10.png,yolo_data_20220404_133_10.txt
yolo_data_20220404_107_5.png,yolo_data_20220404_107_5.txt
yolo_data_20220404_243_6.png,yolo_data_20220404_243_6.txt
yolo_data_20220404_143_5.png,yolo_data_20220404_143_5.txt
yolo_data_20220404_64_5.png,yolo_data_20220404_64_5.txt
yolo_data_20220404_83_2.png,yolo_data_20220404_83_2.txt
yolo_data_20220404_20_2.png,yolo_data_20220404_20_2.txt
yolo_data_20220404_89_6.png,yolo_data_20220404_89_6.txt
yolo_data_20220404_195_2.png,yolo_data_20220404_195_2.txt
yolo_data_20220404_100_7.png,yolo_data_20220404_100_7.txt
yolo_data_20220404_182_9.png,yolo_data_20220404_182_9.txt
yolo_data_20220404_24_1.png,yolo_data_20220404_24_1.txt
yolo_data_20220404_88_1.png,yolo_data_20220404_88_1.txt
yolo_data_20220404_22_9.png,yolo_data_20220404_22_9.txt
yolo_data_20220404_18_6.png,yolo_data_20220404_18_6.txt
yolo_data_20220404_123_1.png,yolo_data_20220404_123_1.txt
yolo_data_20220404_243_5.png,yolo_data_20220404_243_5.txt
yolo_data_20220404_62_4.png,yolo_data_20220404_62_4.txt
yolo_data_20220404_140_6.png,yolo_data_20220404_140_6.txt
yolo_data_20220404_73_10.png,yolo_data_20220404_73_10.txt
yolo_data_20220404_134_1.png,yolo_data_20220404_134_1.txt
yolo_data_20220404_240_3.png,yolo_data_20220404_240_3.txt
yolo_data_20220404_91_8.png,yolo_data_20220404_91_8.txt
yolo_data_20220404_221_7.png,yolo_data_20220404_221_7.txt
yolo_data_20220404_232_9.png,yolo_data_20220404_232_9.txt
yolo_data_20220404_11_5.png,yolo_data_20220404_11_5.txt
yolo_data_20220404_35_10.png,yolo_data_20220404_35_10.txt
yolo_data_20220404_181_8.png,yolo_data_20220404_181_8.txt
yolo_data_20220404_199_4.png,yolo_data_20220404_199_4.txt
yolo_data_20220404_145_1.png,yolo_data_20220404_145_1.txt
yolo_data_20220404_113_5.png,yolo_data_20220404_113_5.txt
yolo_data_20220404_51_7.png,yolo_data_20220404_51_7.txt
yolo_data_20220404_104_2.png,yolo_data_20220404_104_2.txt
yolo_data_20220404_208_5.png,yolo_data_20220404_208_5.txt
yolo_data_20220404_74_7.png,yolo_data_20220404_74_7.txt
yolo_data_20220404_213_7.png,yolo_data_20220404_213_7.txt
yolo_data_20220404_120_1.png,yolo_data_20220404_120_1.txt
yolo_data_20220404_79_2.png,yolo_data_20220404_79_2.txt
yolo_data_20220404_187_7.png,yolo_data_20220404_187_7.txt
yolo_data_20220404_126_1.png,yolo_data_20220404_126_1.txt
yolo_data_20220404_44_10.png,yolo_data_20220404_44_10.txt
yolo_data_20220404_91_3.png,yolo_data_20220404_91_3.txt
yolo_data_20220404_159_10.png,yolo_data_20220404_159_10.txt
yolo_data_20220404_31_3.png,yolo_data_20220404_31_3.txt
yolo_data_20220404_63_4.png,yolo_data_20220404_63_4.txt
yolo_data_20220404_124_4.png,yolo_data_20220404_124_4.txt
yolo_data_20220404_201_8.png,yolo_data_20220404_201_8.txt
yolo_data_20220404_21_3.png,yolo_data_20220404_21_3.txt
yolo_data_20220404_126_4.png,yolo_data_20220404_126_4.txt
yolo_data_20220404_193_6.png,yolo_data_20220404_193_6.txt
yolo_data_20220404_128_5.png,yolo_data_20220404_128_5.txt
yolo_data_20220404_180_1.png,yolo_data_20220404_180_1.txt
yolo_data_20220404_154_4.png,yolo_data_20220404_154_4.txt
yolo_data_20220404_159_5.png,yolo_data_20220404_159_5.txt
yolo_data_20220404_228_5.png,yolo_data_20220404_228_5.txt
yolo_data_20220404_8_4.png,yolo_data_20220404_8_4.txt
yolo_data_20220404_31_7.png,yolo_data_20220404_31_7.txt
yolo_data_20220404_117_5.png,yolo_data_20220404_117_5.txt
yolo_data_20220404_80_5.png,yolo_data_20220404_80_5.txt
yolo_data_20220404_108_7.png,yolo_data_20220404_108_7.txt
yolo_data_20220404_56_3.png,yolo_data_20220404_56_3.txt
yolo_data_20220404_48_8.png,yolo_data_20220404_48_8.txt
yolo_data_20220404_85_2.png,yolo_data_20220404_85_2.txt
yolo_data_20220404_19_5.png,yolo_data_20220404_19_5.txt
yolo_data_20220404_132_2.png,yolo_data_20220404_132_2.txt
yolo_data_20220404_147_6.png,yolo_data_20220404_147_6.txt
yolo_data_20220404_93_10.png,yolo_data_20220404_93_10.txt
yolo_data_20220404_198_8.png,yolo_data_20220404_198_8.txt
yolo_data_20220404_32_5.png,yolo_data_20220404_32_5.txt
yolo_data_20220404_224_9.png,yolo_data_20220404_224_9.txt
yolo_data_20220404_173_9.png,yolo_data_20220404_173_9.txt
yolo_data_20220404_228_9.png,yolo_data_20220404_228_9.txt
yolo_data_20220404_195_9.png,yolo_data_20220404_195_9.txt
yolo_data_20220404_147_2.png,yolo_data_20220404_147_2.txt
yolo_data_20220404_162_7.png,yolo_data_20220404_162_7.txt
yolo_data_20220404_212_10.png,yolo_data_20220404_212_10.txt
yolo_data_20220404_173_10.png,yolo_data_20220404_173_10.txt
yolo_data_20220404_241_6.png,yolo_data_20220404_241_6.txt
yolo_data_20220404_125_8.png,yolo_data_20220404_125_8.txt
yolo_data_20220404_138_6.png,yolo_data_20220404_138_6.txt
yolo_data_20220404_141_10.png,yolo_data_20220404_141_10.txt
yolo_data_20220404_74_9.png,yolo_data_20220404_74_9.txt
yolo_data_20220404_242_7.png,yolo_data_20220404_242_7.txt
yolo_data_20220404_153_9.png,yolo_data_20220404_153_9.txt
yolo_data_20220404_250_9.png,yolo_data_20220404_250_9.txt
yolo_data_20220404_66_2.png,yolo_data_20220404_66_2.txt
yolo_data_20220404_142_5.png,yolo_data_20220404_142_5.txt
yolo_data_20220404_150_8.png,yolo_data_20220404_150_8.txt
yolo_data_20220404_225_3.png,yolo_data_20220404_225_3.txt
yolo_data_20220404_181_6.png,yolo_data_20220404_181_6.txt
yolo_data_20220404_12_1.png,yolo_data_20220404_12_1.txt
yolo_data_20220404_120_5.png,yolo_data_20220404_120_5.txt
yolo_data_20220404_135_5.png,yolo_data_20220404_135_5.txt
yolo_data_20220404_222_5.png,yolo_data_20220404_222_5.txt
yolo_data_20220404_119_10.png,yolo_data_20220404_119_10.txt
yolo_data_20220404_21_4.png,yolo_data_20220404_21_4.txt
yolo_data_20220404_30_1.png,yolo_data_20220404_30_1.txt
yolo_data_20220404_209_9.png,yolo_data_20220404_209_9.txt
yolo_data_20220404_52_2.png,yolo_data_20220404_52_2.txt
yolo_data_20220404_151_5.png,yolo_data_20220404_151_5.txt
yolo_data_20220404_55_3.png,yolo_data_20220404_55_3.txt
yolo_data_20220404_210_9.png,yolo_data_20220404_210_9.txt
yolo_data_20220404_95_6.png,yolo_data_20220404_95_6.txt
yolo_data_20220404_47_6.png,yolo_data_20220404_47_6.txt
yolo_data_20220404_2_1.png,yolo_data_20220404_2_1.txt
yolo_data_20220404_151_8.png,yolo_data_20220404_151_8.txt
yolo_data_20220404_40_9.png,yolo_data_20220404_40_9.txt
yolo_data_20220404_70_10.png,yolo_data_20220404_70_10.txt
yolo_data_20220404_71_7.png,yolo_data_20220404_71_7.txt
yolo_data_20220404_240_2.png,yolo_data_20220404_240_2.txt
yolo_data_20220404_217_4.png,yolo_data_20220404_217_4.txt
yolo_data_20220404_44_2.png,yolo_data_20220404_44_2.txt
yolo_data_20220404_196_4.png,yolo_data_20220404_196_4.txt
yolo_data_20220404_151_1.png,yolo_data_20220404_151_1.txt
yolo_data_20220404_19_2.png,yolo_data_20220404_19_2.txt
yolo_data_20220404_126_10.png,yolo_data_20220404_126_10.txt
yolo_data_20220404_115_5.png,yolo_data_20220404_115_5.txt
yolo_data_20220404_93_8.png,yolo_data_20220404_93_8.txt
yolo_data_20220404_203_5.png,yolo_data_20220404_203_5.txt
yolo_data_20220404_228_10.png,yolo_data_20220404_228_10.txt
yolo_data_20220404_179_1.png,yolo_data_20220404_179_1.txt
yolo_data_20220404_189_3.png,yolo_data_20220404_189_3.txt
yolo_data_20220404_72_9.png,yolo_data_20220404_72_9.txt
yolo_data_20220404_224_7.png,yolo_data_20220404_224_7.txt
yolo_data_20220404_131_4.png,yolo_data_20220404_131_4.txt
yolo_data_20220404_62_7.png,yolo_data_20220404_62_7.txt
yolo_data_20220404_23_5.png,yolo_data_20220404_23_5.txt
yolo_data_20220404_23_8.png,yolo_data_20220404_23_8.txt
yolo_data_20220404_221_5.png,yolo_data_20220404_221_5.txt
yolo_data_20220404_209_5.png,yolo_data_20220404_209_5.txt
yolo_data_20220404_39_5.png,yolo_data_20220404_39_5.txt
yolo_data_20220404_223_10.png,yolo_data_20220404_223_10.txt
yolo_data_20220404_78_8.png,yolo_data_20220404_78_8.txt
yolo_data_20220404_191_5.png,yolo_data_20220404_191_5.txt
yolo_data_20220404_107_4.png,yolo_data_20220404_107_4.txt
yolo_data_20220404_119_5.png,yolo_data_20220404_119_5.txt
yolo_data_20220404_161_3.png,yolo_data_20220404_161_3.txt
yolo_data_20220404_67_3.png,yolo_data_20220404_67_3.txt
yolo_data_20220404_121_7.png,yolo_data_20220404_121_7.txt
yolo_data_20220404_124_7.png,yolo_data_20220404_124_7.txt
yolo_data_20220404_42_2.png,yolo_data_20220404_42_2.txt
yolo_data_20220404_59_5.png,yolo_data_20220404_59_5.txt
yolo_data_20220404_65_1.png,yolo_data_20220404_65_1.txt
yolo_data_20220404_86_3.png,yolo_data_20220404_86_3.txt
yolo_data_20220404_98_7.png,yolo_data_20220404_98_7.txt
yolo_data_20220404_19_9.png,yolo_data_20220404_19_9.txt
yolo_data_20220404_156_2.png,yolo_data_20220404_156_2.txt
yolo_data_20220404_237_9.png,yolo_data_20220404_237_9.txt
yolo_data_20220404_160_4.png,yolo_data_20220404_160_4.txt
yolo_data_20220404_184_8.png,yolo_data_20220404_184_8.txt
yolo_data_20220404_69_1.png,yolo_data_20220404_69_1.txt
yolo_data_20220404_22_3.png,yolo_data_20220404_22_3.txt
yolo_data_20220404_189_6.png,yolo_data_20220404_189_6.txt
yolo_data_20220404_15_7.png,yolo_data_20220404_15_7.txt
yolo_data_20220404_95_1.png,yolo_data_20220404_95_1.txt
yolo_data_20220404_168_1.png,yolo_data_20220404_168_1.txt
yolo_data_20220404_80_2.png,yolo_data_20220404_80_2.txt
yolo_data_20220404_17_7.png,yolo_data_20220404_17_7.txt
yolo_data_20220404_15_1.png,yolo_data_20220404_15_1.txt
yolo_data_20220404_206_3.png,yolo_data_20220404_206_3.txt
yolo_data_20220404_197_6.png,yolo_data_20220404_197_6.txt
yolo_data_20220404_207_3.png,yolo_data_20220404_207_3.txt
yolo_data_20220404_164_5.png,yolo_data_20220404_164_5.txt
yolo_data_20220404_98_3.png,yolo_data_20220404_98_3.txt
yolo_data_20220404_36_9.png,yolo_data_20220404_36_9.txt
yolo_data_20220404_207_7.png,yolo_data_20220404_207_7.txt
yolo_data_20220404_50_9.png,yolo_data_20220404_50_9.txt
yolo_data_20220404_25_5.png,yolo_data_20220404_25_5.txt
yolo_data_20220404_114_7.png,yolo_data_20220404_114_7.txt
yolo_data_20220404_248_5.png,yolo_data_20220404_248_5.txt
yolo_data_20220404_199_6.png,yolo_data_20220404_199_6.txt
yolo_data_20220404_161_1.png,yolo_data_20220404_161_1.txt
yolo_data_20220404_71_6.png,yolo_data_20220404_71_6.txt
yolo_data_20220404_100_9.png,yolo_data_20220404_100_9.txt
yolo_data_20220404_147_4.png,yolo_data_20220404_147_4.txt
yolo_data_20220404_77_6.png,yolo_data_20220404_77_6.txt
yolo_data_20220404_133_3.png,yolo_data_20220404_133_3.txt
yolo_data_20220404_227_10.png,yolo_data_20220404_227_10.txt
yolo_data_20220404_212_9.png,yolo_data_20220404_212_9.txt
yolo_data_20220404_49_9.png,yolo_data_20220404_49_9.txt
yolo_data_20220404_120_4.png,yolo_data_20220404_120_4.txt
yolo_data_20220404_23_1.png,yolo_data_20220404_23_1.txt
yolo_data_20220404_53_10.png,yolo_data_20220404_53_10.txt
yolo_data_20220404_241_10.png,yolo_data_20220404_241_10.txt
yolo_data_20220404_238_5.png,yolo_data_20220404_238_5.txt
yolo_data_20220404_35_4.png,yolo_data_20220404_35_4.txt
yolo_data_20220404_243_10.png,yolo_data_20220404_243_10.txt
yolo_data_20220404_51_2.png,yolo_data_20220404_51_2.txt
yolo_data_20220404_114_3.png,yolo_data_20220404_114_3.txt
yolo_data_20220404_167_3.png,yolo_data_20220404_167_3.txt
yolo_data_20220404_190_3.png,yolo_data_20220404_190_3.txt
yolo_data_20220404_91_10.png,yolo_data_20220404_91_10.txt
yolo_data_20220404_170_7.png,yolo_data_20220404_170_7.txt
yolo_data_20220404_102_5.png,yolo_data_20220404_102_5.txt
yolo_data_20220404_154_2.png,yolo_data_20220404_154_2.txt
yolo_data_20220404_105_4.png,yolo_data_20220404_105_4.txt
yolo_data_20220404_127_7.png,yolo_data_20220404_127_7.txt
yolo_data_20220404_144_2.png,yolo_data_20220404_144_2.txt
yolo_data_20220404_230_7.png,yolo_data_20220404_230_7.txt
yolo_data_20220404_117_6.png,yolo_data_20220404_117_6.txt
yolo_data_20220404_241_8.png,yolo_data_20220404_241_8.txt
yolo_data_20220404_123_3.png,yolo_data_20220404_123_3.txt
yolo_data_20220404_43_10.png,yolo_data_20220404_43_10.txt
yolo_data_20220404_156_6.png,yolo_data_20220404_156_6.txt
yolo_data_20220404_105_5.png,yolo_data_20220404_105_5.txt
yolo_data_20220404_223_8.png,yolo_data_20220404_223_8.txt
yolo_data_20220404_158_2.png,yolo_data_20220404_158_2.txt
yolo_data_20220404_25_8.png,yolo_data_20220404_25_8.txt
yolo_data_20220404_52_4.png,yolo_data_20220404_52_4.txt
yolo_data_20220404_233_8.png,yolo_data_20220404_233_8.txt
yolo_data_20220404_207_5.png,yolo_data_20220404_207_5.txt
yolo_data_20220404_27_10.png,yolo_data_20220404_27_10.txt
yolo_data_20220404_169_1.png,yolo_data_20220404_169_1.txt
yolo_data_20220404_52_7.png,yolo_data_20220404_52_7.txt
yolo_data_20220404_250_10.png,yolo_data_20220404_250_10.txt
yolo_data_20220404_139_4.png,yolo_data_20220404_139_4.txt
yolo_data_20220404_18_4.png,yolo_data_20220404_18_4.txt
yolo_data_20220404_84_2.png,yolo_data_20220404_84_2.txt
yolo_data_20220404_122_2.png,yolo_data_20220404_122_2.txt
yolo_data_20220404_123_4.png,yolo_data_20220404_123_4.txt
yolo_data_20220404_180_8.png,yolo_data_20220404_180_8.txt
yolo_data_20220404_5_1.png,yolo_data_20220404_5_1.txt
yolo_data_20220404_78_7.png,yolo_data_20220404_78_7.txt
yolo_data_20220404_225_5.png,yolo_data_20220404_225_5.txt
yolo_data_20220404_14_9.png,yolo_data_20220404_14_9.txt
yolo_data_20220404_205_2.png,yolo_data_20220404_205_2.txt
yolo_data_20220404_88_9.png,yolo_data_20220404_88_9.txt
yolo_data_20220404_31_2.png,yolo_data_20220404_31_2.txt
yolo_data_20220404_133_6.png,yolo_data_20220404_133_6.txt
yolo_data_20220404_72_4.png,yolo_data_20220404_72_4.txt
yolo_data_20220404_146_5.png,yolo_data_20220404_146_5.txt
yolo_data_20220404_146_7.png,yolo_data_20220404_146_7.txt
yolo_data_20220404_213_5.png,yolo_data_20220404_213_5.txt
yolo_data_20220404_139_6.png,yolo_data_20220404_139_6.txt
yolo_data_20220404_174_10.png,yolo_data_20220404_174_10.txt
yolo_data_20220404_16_4.png,yolo_data_20220404_16_4.txt
yolo_data_20220404_33_3.png,yolo_data_20220404_33_3.txt
yolo_data_20220404_188_4.png,yolo_data_20220404_188_4.txt
yolo_data_20220404_68_9.png,yolo_data_20220404_68_9.txt
yolo_data_20220404_84_1.png,yolo_data_20220404_84_1.txt
yolo_data_20220404_26_2.png,yolo_data_20220404_26_2.txt
yolo_data_20220404_232_10.png,yolo_data_20220404_232_10.txt
yolo_data_20220404_158_6.png,yolo_data_20220404_158_6.txt
yolo_data_20220404_151_10.png,yolo_data_20220404_151_10.txt
yolo_data_20220404_118_2.png,yolo_data_20220404_118_2.txt
yolo_data_20220404_85_3.png,yolo_data_20220404_85_3.txt
yolo_data_20220404_143_3.png,yolo_data_20220404_143_3.txt
yolo_data_20220404_141_7.png,yolo_data_20220404_141_7.txt
yolo_data_20220404_75_9.png,yolo_data_20220404_75_9.txt
yolo_data_20220404_148_9.png,yolo_data_20220404_148_9.txt
yolo_data_20220404_182_8.png,yolo_data_20220404_182_8.txt
yolo_data_20220404_57_6.png,yolo_data_20220404_57_6.txt
yolo_data_20220404_45_5.png,yolo_data_20220404_45_5.txt
yolo_data_20220404_148_4.png,yolo_data_20220404_148_4.txt
yolo_data_20220404_179_9.png,yolo_data_20220404_179_9.txt
yolo_data_20220404_112_9.png,yolo_data_20220404_112_9.txt
yolo_data_20220404_195_6.png,yolo_data_20220404_195_6.txt
yolo_data_20220404_213_6.png,yolo_data_20220404_213_6.txt
yolo_data_20220404_38_2.png,yolo_data_20220404_38_2.txt
yolo_data_20220404_106_2.png,yolo_data_20220404_106_2.txt
yolo_data_20220404_172_6.png,yolo_data_20220404_172_6.txt
yolo_data_20220404_238_7.png,yolo_data_20220404_238_7.txt
yolo_data_20220404_185_8.png,yolo_data_20220404_185_8.txt
yolo_data_20220404_22_8.png,yolo_data_20220404_22_8.txt
yolo_data_20220404_27_3.png,yolo_data_20220404_27_3.txt
yolo_data_20220404_174_2.png,yolo_data_20220404_174_2.txt
yolo_data_20220404_58_5.png,yolo_data_20220404_58_5.txt
yolo_data_20220404_36_4.png,yolo_data_20220404_36_4.txt
yolo_data_20220404_192_3.png,yolo_data_20220404_192_3.txt
yolo_data_20220404_221_2.png,yolo_data_20220404_221_2.txt
yolo_data_20220404_234_7.png,yolo_data_20220404_234_7.txt
yolo_data_20220404_245_7.png,yolo_data_20220404_245_7.txt
yolo_data_20220404_142_1.png,yolo_data_20220404_142_1.txt
yolo_data_20220404_14_10.png,yolo_data_20220404_14_10.txt
yolo_data_20220404_133_1.png,yolo_data_20220404_133_1.txt
yolo_data_20220404_170_6.png,yolo_data_20220404_170_6.txt
yolo_data_20220404_180_5.png,yolo_data_20220404_180_5.txt
yolo_data_20220404_168_2.png,yolo_data_20220404_168_2.txt
yolo_data_20220404_160_6.png,yolo_data_20220404_160_6.txt
yolo_data_20220404_159_3.png,yolo_data_20220404_159_3.txt
yolo_data_20220404_14_1.png,yolo_data_20220404_14_1.txt
yolo_data_20220404_69_9.png,yolo_data_20220404_69_9.txt
yolo_data_20220404_176_6.png,yolo_data_20220404_176_6.txt
yolo_data_20220404_134_10.png,yolo_data_20220404_134_10.txt
yolo_data_20220404_63_7.png,yolo_data_20220404_63_7.txt
yolo_data_20220404_98_4.png,yolo_data_20220404_98_4.txt
yolo_data_20220404_197_4.png,yolo_data_20220404_197_4.txt
yolo_data_20220404_92_4.png,yolo_data_20220404_92_4.txt
yolo_data_20220404_24_9.png,yolo_data_20220404_24_9.txt
yolo_data_20220404_163_9.png,yolo_data_20220404_163_9.txt
yolo_data_20220404_97_3.png,yolo_data_20220404_97_3.txt
yolo_data_20220404_125_5.png,yolo_data_20220404_125_5.txt
yolo_data_20220404_179_8.png,yolo_data_20220404_179_8.txt
yolo_data_20220404_96_9.png,yolo_data_20220404_96_9.txt
yolo_data_20220404_211_7.png,yolo_data_20220404_211_7.txt
yolo_data_20220404_157_4.png,yolo_data_20220404_157_4.txt
yolo_data_20220404_172_4.png,yolo_data_20220404_172_4.txt
yolo_data_20220404_147_10.png,yolo_data_20220404_147_10.txt
yolo_data_20220404_30_7.png,yolo_data_20220404_30_7.txt
yolo_data_20220404_214_2.png,yolo_data_20220404_214_2.txt
yolo_data_20220404_12_10.png,yolo_data_20220404_12_10.txt
yolo_data_20220404_88_8.png,yolo_data_20220404_88_8.txt
yolo_data_20220404_55_4.png,yolo_data_20220404_55_4.txt
yolo_data_20220404_60_5.png,yolo_data_20220404_60_5.txt
yolo_data_20220404_218_3.png,yolo_data_20220404_218_3.txt
yolo_data_20220404_75_8.png,yolo_data_20220404_75_8.txt
yolo_data_20220404_60_6.png,yolo_data_20220404_60_6.txt
yolo_data_20220404_194_2.png,yolo_data_20220404_194_2.txt
yolo_data_20220404_237_2.png,yolo_data_20220404_237_2.txt
yolo_data_20220404_230_2.png,yolo_data_20220404_230_2.txt
yolo_data_20220404_50_1.png,yolo_data_20220404_50_1.txt
yolo_data_20220404_215_10.png,yolo_data_20220404_215_10.txt
yolo_data_20220404_165_5.png,yolo_data_20220404_165_5.txt
yolo_data_20220404_151_9.png,yolo_data_20220404_151_9.txt
yolo_data_20220404_60_8.png,yolo_data_20220404_60_8.txt
yolo_data_20220404_176_10.png,yolo_data_20220404_176_10.txt
yolo_data_20220404_21_2.png,yolo_data_20220404_21_2.txt
yolo_data_20220404_12_4.png,yolo_data_20220404_12_4.txt
yolo_data_20220404_218_6.png,yolo_data_20220404_218_6.txt
yolo_data_20220404_249_5.png,yolo_data_20220404_249_5.txt
yolo_data_20220404_70_4.png,yolo_data_20220404_70_4.txt
yolo_data_20220404_32_1.png,yolo_data_20220404_32_1.txt
yolo_data_20220404_29_2.png,yolo_data_20220404_29_2.txt
yolo_data_20220404_119_9.png,yolo_data_20220404_119_9.txt
yolo_data_20220404_87_10.png,yolo_data_20220404_87_10.txt
yolo_data_20220404_200_8.png,yolo_data_20220404_200_8.txt
yolo_data_20220404_109_4.png,yolo_data_20220404_109_4.txt
yolo_data_20220404_48_1.png,yolo_data_20220404_48_1.txt
yolo_data_20220404_113_4.png,yolo_data_20220404_113_4.txt
yolo_data_20220404_99_6.png,yolo_data_20220404_99_6.txt
yolo_data_20220404_108_6.png,yolo_data_20220404_108_6.txt
yolo_data_20220404_76_4.png,yolo_data_20220404_76_4.txt
yolo_data_20220404_192_1.png,yolo_data_20220404_192_1.txt
yolo_data_20220404_239_3.png,yolo_data_20220404_239_3.txt
yolo_data_20220404_173_7.png,yolo_data_20220404_173_7.txt
yolo_data_20220404_188_5.png,yolo_data_20220404_188_5.txt
yolo_data_20220404_25_4.png,yolo_data_20220404_25_4.txt
yolo_data_20220404_82_9.png,yolo_data_20220404_82_9.txt
yolo_data_20220404_212_2.png,yolo_data_20220404_212_2.txt
yolo_data_20220404_7_3.png,yolo_data_20220404_7_3.txt
yolo_data_20220404_57_4.png,yolo_data_20220404_57_4.txt
yolo_data_20220404_31_6.png,yolo_data_20220404_31_6.txt
yolo_data_20220404_175_5.png,yolo_data_20220404_175_5.txt
yolo_data_20220404_72_5.png,yolo_data_20220404_72_5.txt
yolo_data_20220404_74_1.png,yolo_data_20220404_74_1.txt
yolo_data_20220404_142_2.png,yolo_data_20220404_142_2.txt
yolo_data_20220404_201_2.png,yolo_data_20220404_201_2.txt
yolo_data_20220404_18_8.png,yolo_data_20220404_18_8.txt
yolo_data_20220404_180_10.png,yolo_data_20220404_180_10.txt
yolo_data_20220404_163_5.png,yolo_data_20220404_163_5.txt
yolo_data_20220404_244_9.png,yolo_data_20220404_244_9.txt
yolo_data_20220404_139_5.png,yolo_data_20220404_139_5.txt
yolo_data_20220404_202_8.png,yolo_data_20220404_202_8.txt
yolo_data_20220404_193_5.png,yolo_data_20220404_193_5.txt
yolo_data_20220404_240_8.png,yolo_data_20220404_240_8.txt
yolo_data_20220404_166_6.png,yolo_data_20220404_166_6.txt
yolo_data_20220404_115_6.png,yolo_data_20220404_115_6.txt
yolo_data_20220404_67_8.png,yolo_data_20220404_67_8.txt
yolo_data_20220404_235_10.png,yolo_data_20220404_235_10.txt
yolo_data_20220404_10_3.png,yolo_data_20220404_10_3.txt
yolo_data_20220404_111_9.png,yolo_data_20220404_111_9.txt
yolo_data_20220404_76_7.png,yolo_data_20220404_76_7.txt
yolo_data_20220404_36_1.png,yolo_data_20220404_36_1.txt
yolo_data_20220404_34_10.png,yolo_data_20220404_34_10.txt
yolo_data_20220404_121_8.png,yolo_data_20220404_121_8.txt
yolo_data_20220404_73_2.png,yolo_data_20220404_73_2.txt
yolo_data_20220404_24_3.png,yolo_data_20220404_24_3.txt
yolo_data_20220404_187_3.png,yolo_data_20220404_187_3.txt
yolo_data_20220404_171_2.png,yolo_data_20220404_171_2.txt
yolo_data_20220404_1_9.png,yolo_data_20220404_1_9.txt
yolo_data_20220404_162_4.png,yolo_data_20220404_162_4.txt
yolo_data_20220404_127_9.png,yolo_data_20220404_127_9.txt
yolo_data_20220404_102_6.png,yolo_data_20220404_102_6.txt
yolo_data_20220404_88_4.png,yolo_data_20220404_88_4.txt
yolo_data_20220404_69_8.png,yolo_data_20220404_69_8.txt
yolo_data_20220404_81_8.png,yolo_data_20220404_81_8.txt
yolo_data_20220404_217_6.png,yolo_data_20220404_217_6.txt
yolo_data_20220404_112_10.png,yolo_data_20220404_112_10.txt
yolo_data_20220404_24_5.png,yolo_data_20220404_24_5.txt
yolo_data_20220404_11_7.png,yolo_data_20220404_11_7.txt
yolo_data_20220404_16_5.png,yolo_data_20220404_16_5.txt
yolo_data_20220404_177_4.png,yolo_data_20220404_177_4.txt
yolo_data_20220404_200_4.png,yolo_data_20220404_200_4.txt
yolo_data_20220404_249_8.png,yolo_data_20220404_249_8.txt
yolo_data_20220404_164_10.png,yolo_data_20220404_164_10.txt
yolo_data_20220404_246_8.png,yolo_data_20220404_246_8.txt
yolo_data_20220404_209_10.png,yolo_data_20220404_209_10.txt
yolo_data_20220404_1_1.png,yolo_data_20220404_1_1.txt
yolo_data_20220404_8_1.png,yolo_data_20220404_8_1.txt
yolo_data_20220404_91_4.png,yolo_data_20220404_91_4.txt
yolo_data_20220404_141_3.png,yolo_data_20220404_141_3.txt
yolo_data_20220404_190_10.png,yolo_data_20220404_190_10.txt
yolo_data_20220404_62_10.png,yolo_data_20220404_62_10.txt
yolo_data_20220404_216_6.png,yolo_data_20220404_216_6.txt
yolo_data_20220404_47_2.png,yolo_data_20220404_47_2.txt
yolo_data_20220404_18_3.png,yolo_data_20220404_18_3.txt
yolo_data_20220404_140_10.png,yolo_data_20220404_140_10.txt
yolo_data_20220404_68_2.png,yolo_data_20220404_68_2.txt
yolo_data_20220404_44_9.png,yolo_data_20220404_44_9.txt
yolo_data_20220404_148_7.png,yolo_data_20220404_148_7.txt
yolo_data_20220404_219_6.png,yolo_data_20220404_219_6.txt
yolo_data_20220404_205_6.png,yolo_data_20220404_205_6.txt
yolo_data_20220404_189_4.png,yolo_data_20220404_189_4.txt
yolo_data_20220404_100_2.png,yolo_data_20220404_100_2.txt
yolo_data_20220404_240_5.png,yolo_data_20220404_240_5.txt
yolo_data_20220404_119_8.png,yolo_data_20220404_119_8.txt
yolo_data_20220404_146_8.png,yolo_data_20220404_146_8.txt
yolo_data_20220404_213_10.png,yolo_data_20220404_213_10.txt
yolo_data_20220404_216_2.png,yolo_data_20220404_216_2.txt
yolo_data_20220404_80_3.png,yolo_data_20220404_80_3.txt
yolo_data_20220404_125_9.png,yolo_data_20220404_125_9.txt
yolo_data_20220404_235_5.png,yolo_data_20220404_235_5.txt
yolo_data_20220404_188_2.png,yolo_data_20220404_188_2.txt
yolo_data_20220404_208_8.png,yolo_data_20220404_208_8.txt
yolo_data_20220404_116_7.png,yolo_data_20220404_116_7.txt
yolo_data_20220404_164_4.png,yolo_data_20220404_164_4.txt
yolo_data_20220404_83_10.png,yolo_data_20220404_83_10.txt
yolo_data_20220404_65_8.png,yolo_data_20220404_65_8.txt
yolo_data_20220404_58_7.png,yolo_data_20220404_58_7.txt
yolo_data_20220404_109_1.png,yolo_data_20220404_109_1.txt
yolo_data_20220404_160_3.png,yolo_data_20220404_160_3.txt
yolo_data_20220404_140_7.png,yolo_data_20220404_140_7.txt
yolo_data_20220404_220_2.png,yolo_data_20220404_220_2.txt
yolo_data_20220404_87_5.png,yolo_data_20220404_87_5.txt
yolo_data_20220404_52_9.png,yolo_data_20220404_52_9.txt
yolo_data_20220404_244_5.png,yolo_data_20220404_244_5.txt
yolo_data_20220404_68_6.png,yolo_data_20220404_68_6.txt
yolo_data_20220404_73_8.png,yolo_data_20220404_73_8.txt
yolo_data_20220404_242_6.png,yolo_data_20220404_242_6.txt
yolo_data_20220404_62_3.png,yolo_data_20220404_62_3.txt
yolo_data_20220404_17_10.png,yolo_data_20220404_17_10.txt
yolo_data_20220404_167_8.png,yolo_data_20220404_167_8.txt
yolo_data_20220404_225_9.png,yolo_data_20220404_225_9.txt
yolo_data_20220404_201_6.png,yolo_data_20220404_201_6.txt
yolo_data_20220404_33_4.png,yolo_data_20220404_33_4.txt
yolo_data_20220404_64_3.png,yolo_data_20220404_64_3.txt
yolo_data_20220404_226_2.png,yolo_data_20220404_226_2.txt
yolo_data_20220404_244_4.png,yolo_data_20220404_244_4.txt
yolo_data_20220404_46_8.png,yolo_data_20220404_46_8.txt
yolo_data_20220404_215_5.png,yolo_data_20220404_215_5.txt
yolo_data_20220404_84_7.png,yolo_data_20220404_84_7.txt
yolo_data_20220404_79_8.png,yolo_data_20220404_79_8.txt
yolo_data_20220404_133_9.png,yolo_data_20220404_133_9.txt
yolo_data_20220404_194_10.png,yolo_data_20220404_194_10.txt
yolo_data_20220404_66_9.png,yolo_data_20220404_66_9.txt
yolo_data_20220404_233_9.png,yolo_data_20220404_233_9.txt
yolo_data_20220404_95_2.png,yolo_data_20220404_95_2.txt
yolo_data_20220404_75_6.png,yolo_data_20220404_75_6.txt
yolo_data_20220404_83_6.png,yolo_data_20220404_83_6.txt
yolo_data_20220404_102_3.png,yolo_data_20220404_102_3.txt
yolo_data_20220404_68_8.png,yolo_data_20220404_68_8.txt
yolo_data_20220404_103_8.png,yolo_data_20220404_103_8.txt
yolo_data_20220404_100_6.png,yolo_data_20220404_100_6.txt
yolo_data_20220404_210_7.png,yolo_data_20220404_210_7.txt
yolo_data_20220404_160_5.png,yolo_data_20220404_160_5.txt
yolo_data_20220404_233_1.png,yolo_data_20220404_233_1.txt
yolo_data_20220404_55_1.png,yolo_data_20220404_55_1.txt
yolo_data_20220404_243_3.png,yolo_data_20220404_243_3.txt
yolo_data_20220404_78_1.png,yolo_data_20220404_78_1.txt
yolo_data_20220404_152_8.png,yolo_data_20220404_152_8.txt
yolo_data_20220404_111_8.png,yolo_data_20220404_111_8.txt
yolo_data_20220404_40_2.png,yolo_data_20220404_40_2.txt
yolo_data_20220404_226_10.png,yolo_data_20220404_226_10.txt
yolo_data_20220404_173_4.png,yolo_data_20220404_173_4.txt
yolo_data_20220404_226_4.png,yolo_data_20220404_226_4.txt
yolo_data_20220404_43_1.png,yolo_data_20220404_43_1.txt
yolo_data_20220404_235_2.png,yolo_data_20220404_235_2.txt
yolo_data_20220404_97_6.png,yolo_data_20220404_97_6.txt
yolo_data_20220404_64_9.png,yolo_data_20220404_64_9.txt
yolo_data_20220404_115_3.png,yolo_data_20220404_115_3.txt
yolo_data_20220404_228_7.png,yolo_data_20220404_228_7.txt
yolo_data_20220404_246_4.png,yolo_data_20220404_246_4.txt
yolo_data_20220404_172_10.png,yolo_data_20220404_172_10.txt
yolo_data_20220404_36_2.png,yolo_data_20220404_36_2.txt
yolo_data_20220404_107_3.png,yolo_data_20220404_107_3.txt
yolo_data_20220404_10_2.png,yolo_data_20220404_10_2.txt
yolo_data_20220404_34_2.png,yolo_data_20220404_34_2.txt
yolo_data_20220404_111_1.png,yolo_data_20220404_111_1.txt
yolo_data_20220404_3_3.png,yolo_data_20220404_3_3.txt
yolo_data_20220404_68_5.png,yolo_data_20220404_68_5.txt
yolo_data_20220404_38_9.png,yolo_data_20220404_38_9.txt
yolo_data_20220404_81_5.png,yolo_data_20220404_81_5.txt
yolo_data_20220404_76_2.png,yolo_data_20220404_76_2.txt
yolo_data_20220404_142_7.png,yolo_data_20220404_142_7.txt
yolo_data_20220404_95_8.png,yolo_data_20220404_95_8.txt
yolo_data_20220404_3_1.png,yolo_data_20220404_3_1.txt
yolo_data_20220404_3_4.png,yolo_data_20220404_3_4.txt
yolo_data_20220404_175_10.png,yolo_data_20220404_175_10.txt
yolo_data_20220404_61_4.png,yolo_data_20220404_61_4.txt
yolo_data_20220404_245_4.png,yolo_data_20220404_245_4.txt
yolo_data_20220404_129_8.png,yolo_data_20220404_129_8.txt
yolo_data_20220404_161_10.png,yolo_data_20220404_161_10.txt
yolo_data_20220404_102_10.png,yolo_data_20220404_102_10.txt
yolo_data_20220404_161_7.png,yolo_data_20220404_161_7.txt
yolo_data_20220404_108_5.png,yolo_data_20220404_108_5.txt
yolo_data_20220404_72_7.png,yolo_data_20220404_72_7.txt
yolo_data_20220404_6_6.png,yolo_data_20220404_6_6.txt
yolo_data_20220404_166_5.png,yolo_data_20220404_166_5.txt
yolo_data_20220404_120_7.png,yolo_data_20220404_120_7.txt
yolo_data_20220404_122_6.png,yolo_data_20220404_122_6.txt
yolo_data_20220404_212_1.png,yolo_data_20220404_212_1.txt
yolo_data_20220404_70_3.png,yolo_data_20220404_70_3.txt
yolo_data_20220404_203_1.png,yolo_data_20220404_203_1.txt
yolo_data_20220404_125_4.png,yolo_data_20220404_125_4.txt
yolo_data_20220404_244_8.png,yolo_data_20220404_244_8.txt
yolo_data_20220404_61_3.png,yolo_data_20220404_61_3.txt
yolo_data_20220404_51_6.png,yolo_data_20220404_51_6.txt
yolo_data_20220404_142_10.png,yolo_data_20220404_142_10.txt
yolo_data_20220404_39_1.png,yolo_data_20220404_39_1.txt
yolo_data_20220404_222_4.png,yolo_data_20220404_222_4.txt
yolo_data_20220404_203_8.png,yolo_data_20220404_203_8.txt
yolo_data_20220404_124_6.png,yolo_data_20220404_124_6.txt
yolo_data_20220404_175_7.png,yolo_data_20220404_175_7.txt
yolo_data_20220404_122_3.png,yolo_data_20220404_122_3.txt
yolo_data_20220404_138_10.png,yolo_data_20220404_138_10.txt
yolo_data_20220404_52_5.png,yolo_data_20220404_52_5.txt
yolo_data_20220404_226_9.png,yolo_data_20220404_226_9.txt
yolo_data_20220404_88_10.png,yolo_data_20220404_88_10.txt
yolo_data_20220404_70_7.png,yolo_data_20220404_70_7.txt
yolo_data_20220404_221_3.png,yolo_data_20220404_221_3.txt
yolo_data_20220404_178_9.png,yolo_data_20220404_178_9.txt
yolo_data_20220404_183_5.png,yolo_data_20220404_183_5.txt
yolo_data_20220404_75_3.png,yolo_data_20220404_75_3.txt
yolo_data_20220404_26_9.png,yolo_data_20220404_26_9.txt
yolo_data_20220404_149_5.png,yolo_data_20220404_149_5.txt
yolo_data_20220404_178_8.png,yolo_data_20220404_178_8.txt
yolo_data_20220404_186_8.png,yolo_data_20220404_186_8.txt
yolo_data_20220404_208_4.png,yolo_data_20220404_208_4.txt
yolo_data_20220404_236_3.png,yolo_data_20220404_236_3.txt
yolo_data_20220404_135_1.png,yolo_data_20220404_135_1.txt
yolo_data_20220404_220_5.png,yolo_data_20220404_220_5.txt
yolo_data_20220404_46_2.png,yolo_data_20220404_46_2.txt
yolo_data_20220404_157_9.png,yolo_data_20220404_157_9.txt
yolo_data_20220404_234_10.png,yolo_data_20220404_234_10.txt
yolo_data_20220404_170_9.png,yolo_data_20220404_170_9.txt
yolo_data_20220404_111_10.png,yolo_data_20220404_111_10.txt
yolo_data_20220404_84_3.png,yolo_data_20220404_84_3.txt
yolo_data_20220404_59_10.png,yolo_data_20220404_59_10.txt
yolo_data_20220404_54_3.png,yolo_data_20220404_54_3.txt
yolo_data_20220404_152_3.png,yolo_data_20220404_152_3.txt
yolo_data_20220404_105_1.png,yolo_data_20220404_105_1.txt
yolo_data_20220404_230_8.png,yolo_data_20220404_230_8.txt
yolo_data_20220404_36_5.png,yolo_data_20220404_36_5.txt
yolo_data_20220404_156_1.png,yolo_data_20220404_156_1.txt
yolo_data_20220404_104_6.png,yolo_data_20220404_104_6.txt
yolo_data_20220404_95_5.png,yolo_data_20220404_95_5.txt
yolo_data_20220404_173_8.png,yolo_data_20220404_173_8.txt
yolo_data_20220404_108_10.png,yolo_data_20220404_108_10.txt
yolo_data_20220404_137_9.png,yolo_data_20220404_137_9.txt
yolo_data_20220404_139_9.png,yolo_data_20220404_139_9.txt
yolo_data_20220404_218_8.png,yolo_data_20220404_218_8.txt
yolo_data_20220404_35_1.png,yolo_data_20220404_35_1.txt
yolo_data_20220404_39_2.png,yolo_data_20220404_39_2.txt
yolo_data_20220404_206_6.png,yolo_data_20220404_206_6.txt
yolo_data_20220404_76_6.png,yolo_data_20220404_76_6.txt
yolo_data_20220404_158_9.png,yolo_data_20220404_158_9.txt
yolo_data_20220404_201_1.png,yolo_data_20220404_201_1.txt
yolo_data_20220404_155_10.png,yolo_data_20220404_155_10.txt
yolo_data_20220404_191_7.png,yolo_data_20220404_191_7.txt
